Time,cpu,diskio,diskioRead,diskioWritten,mem,networkReceived,networkTransmitted,replica,requests,responsetime,totalcpu,totalcpuUtilization,totalmemory,totalmemoryUtilization
2020-10-24 03:06:20.571,0.01252271127562642,0.0,0.0,3731.911111111111,0.023746490478515625,1237.0444444444443,2344.266666666667,1.0,1.0,3.149158878,6.0,9.71666666666668,12404576256.0,36.95109496209461
2020-10-24 03:06:35.571,0.24803051170347906,0.0,0.0,3731.911111111111,0.025701522827148438,1156.4,2186.8,1.0,1.0,3.149158878,6.0,9.71666666666668,12404576256.0,36.95109496209461
2020-10-24 03:06:50.571,0.36561695415739404,8.888888888868172e-05,0.0,1274.311111111111,0.03724098205566406,4355.644444444444,2647.288888888889,1.0,2.0,2.8994138769999998,6.0,10.499999999999932,12404576256.0,36.994433806477936
2020-10-24 03:07:05.571,0.5489936124574274,8.888888888868172e-05,0.0,819.2,0.03724098205566406,6906.466666666666,5142.822222222222,1.0,3.0,2.938961284,6.0,10.499999999999932,12404576256.0,36.994433806477936
2020-10-24 03:07:20.571,0.4643738460952013,0.00017777777777736343,0.0,11377.777777777777,0.03795623779296875,10053.4,5512.6,1.0,3.0,2.9160308639999997,6.0,10.822222222222239,12404576256.0,36.92588413719047
2020-10-24 03:07:35.571,0.8594088306437678,0.00017777777777799503,0.0,13380.266666666666,0.03795623779296875,9912.355555555554,5276.688888888889,1.0,4.0,2.932861984,6.0,10.822222222222239,12404576256.0,36.92588413719047
2020-10-24 03:07:50.571,0.8594088306437678,0.00017777777777799503,0.0,19751.82222222222,0.043773651123046875,10492.933333333332,2909.8,1.0,5.0,2.918259345,6.0,11.433333333333294,12404576256.0,36.99319555378128
2020-10-24 03:08:05.571,1.1689758103791783,8.888888888931332e-05,0.0,15746.844444444443,0.043773651123046875,13374.177777777777,2897.0,1.0,6.0,2.911212152,6.0,11.433333333333294,12404576256.0,36.99319555378128
2020-10-24 03:08:20.571,1.1689758103791783,0.0,0.0,17476.266666666666,0.048351287841796875,13466.177777777777,3061.6666666666665,1.0,8.0,2.876038898,6.0,12.116666666666514,12404576256.0,36.98631086878781
2020-10-24 03:08:35.571,2.1592616887263443,0.0,0.0,16748.088888888888,0.048351287841796875,16188.0,3060.9777777777776,1.0,8.0,2.9054413279999998,6.0,12.116666666666514,12404576256.0,36.98631086878781
2020-10-24 03:08:50.571,2.1592616887263443,8.888888888868172e-05,0.0,18659.555555555555,0.059986114501953125,19219.355555555554,3332.866666666667,1.0,9.0,2.881498365,6.0,13.572222222222269,12404576256.0,37.00800505603341
2020-10-24 03:09:05.571,2.4749497576047004,8.888888888868172e-05,0.0,20844.088888888888,0.059986114501953125,22109.2,3326.4666666666667,1.0,11.0,2.94088147,6.0,13.572222222222269,12404576256.0,37.00800505603341
2020-10-24 03:09:20.571,2.4749497576047,0.00017777777777736343,0.0,20844.088888888888,0.26183128356933594,22063.511111111107,3463.022222222222,1.0,11.0,2.862855503,6.0,14.055555555555538,12404576256.0,37.06957098011168
2020-10-24 03:09:35.571,1.9167902283483635,0.00017777777777799503,0.0,24940.088888888888,0.26183128356933594,25204.91111111111,3591.8888888888887,1.0,12.0,2.94319081,6.0,14.055555555555538,12404576256.0,37.06957098011168
2020-10-24 03:09:50.571,2.5616120120922976,0.0002666666666666767,0.0,29855.28888888889,0.07491111755371094,31080.48888888889,3935.133333333333,1.0,14.0,2.873042946,6.0,15.766666666666673,12404576256.0,36.940792699658346
2020-10-24 03:10:05.571,2.9979379630974865,0.00035555555555599007,0.0,30856.533333333333,0.07491111755371094,31501.266666666666,3926.7111111111108,1.0,14.0,2.895772803,6.0,15.766666666666673,12404576256.0,36.940792699658346
2020-10-24 03:10:20.571,2.9979379630974865,0.0005333333333333534,0.0,32676.977777777774,0.22869110107421875,34497.8,4029.266666666667,1.0,15.0,2.882671808,6.0,16.683333333333515,12404576256.0,36.66312691495779
2020-10-24 03:10:35.571,3.6138762827254887,0.0005333333333333534,0.0,33314.13333333333,0.22869110107421875,34702.177777777775,3988.266666666667,1.0,18.0,2.906925457,6.0,16.683333333333515,12404576256.0,36.66312691495779
2020-10-24 03:10:50.571,3.6138762827254887,0.0010666666666660754,5916.444444444443,41142.044444444444,0.09922981262207031,43201.88888888888,4396.11111111111,1.0,18.0,2.885330845,6.0,18.455555555555524,12404576256.0,36.80394101162273
2020-10-24 03:11:05.571,3.691026951718648,0.0011555555555553888,5916.444444444443,42325.333333333336,0.09922981262207031,40077.8,4184.288888888888,1.0,19.0,2.908629661,6.0,18.455555555555524,12404576256.0,36.80394101162273
2020-10-24 03:11:20.571,3.691026951718648,0.0010666666666667068,5916.444444444443,47695.64444444444,0.30384063720703125,42886.84444444444,4425.7555555555555,1.0,21.0,2.862331134,6.0,18.672222222222228,12404576256.0,36.593982884375926
2020-10-24 03:11:35.571,4.602538425606912,0.0006222222222226668,0.0,52064.71111111111,0.30384063720703125,43432.022222222215,4396.177777777777,1.0,21.0,2.8724273069999997,6.0,18.672222222222228,12404576256.0,36.593982884375926
2020-10-24 03:11:50.571,4.602538425606912,0.0006222222222220352,0.0,54522.31111111111,0.3226280212402344,48940.288888888885,4781.466666666666,1.0,22.0,2.877058172,6.0,20.083333333333393,12404576256.0,36.8028018191418
2020-10-24 03:12:05.571,3.5475368929151916,0.0010666666666667068,0.0,51336.53333333333,0.3226280212402344,51767.911111111105,7325.688888888889,1.0,23.0,2.891597374,6.0,20.083333333333393,12404576256.0,36.8028018191418
2020-10-24 03:12:20.571,3.7542191091265456,0.0011555555555553888,0.0,50608.35555555555,0.2581596374511719,54226.53333333333,7535.688888888889,1.0,24.0,2.932252935,6.0,21.116666666666667,12404576256.0,37.051244840201015
2020-10-24 03:12:35.571,5.551256772482877,0.0009777777777780253,0.0,49880.177777777775,0.2581596374511719,54739.75555555555,7504.2,1.0,25.0,2.866044691,6.0,21.116666666666667,12404576256.0,37.051244840201015
2020-10-24 03:12:50.571,5.551256772482877,0.000888888888888712,0.0,54613.333333333336,0.551605224609375,57972.73333333333,5185.955555555555,1.0,26.0,2.901306132,6.0,22.111111111111093,12404576256.0,36.74569360477153
2020-10-24 03:13:20.571,5.370155694634591,0.0007111111111113485,0.0,56615.82222222222,0.551605224609375,61122.666666666664,5217.622222222222,1.0,27.0,2.9071312469999997,6.0,22.111111111111093,12404576256.0,36.74569360477153
2020-10-24 03:13:50.571,6.367959459920687,0.0008000000000000303,0.0,57526.044444444444,0.551605224609375,60946.333333333336,5318.044444444444,1.0,29.0,2.9415196769999996,6.0,23.083333333333318,12404576256.0,37.13301904828889
2020-10-24 03:14:05.571,6.809708117499784,0.0007111111111113485,0.0,54158.22222222222,0.24313926696777344,61053.777777777774,5315.51111111111,1.0,29.0,2.869624728,6.0,23.083333333333318,12404576256.0,37.13301904828889
2020-10-24 03:14:20.571,7.310240536260173,0.0010666666666667068,0.0,58345.24444444444,0.24313926696777344,66796.17777777778,5617.7555555555555,1.0,30.0,2.901810058,6.0,24.238888888888955,12404576256.0,36.74599078541873
2020-10-24 03:14:35.571,7.178934705141585,0.0010666666666667068,0.0,59983.64444444444,0.5764961242675781,69974.42222222222,5628.0888888888885,1.0,32.0,2.950241296,6.0,24.238888888888955,12404576256.0,36.74599078541873
2020-10-24 03:14:50.571,4.499685982813624,0.0013333333333333838,0.0,65171.911111111105,0.39825439453125,69816.44444444444,5783.288888888888,1.0,32.0,2.935354009,6.0,25.29444444444431,12404576256.0,37.07972465222434
2020-10-24 03:15:05.571,7.48932223102168,0.0009777777777773937,0.0,62441.24444444444,0.39825439453125,70140.24444444444,6051.022222222222,1.0,33.0,2.9820420210000003,6.0,25.29444444444431,12404576256.0,37.07972465222434
2020-10-24 03:15:20.571,7.48932223102168,0.0011555555555553888,0.0,68994.84444444445,0.52947998046875,77964.57777777777,6609.288888888888,1.0,35.0,2.878105391,6.0,26.605555555555554,12404576256.0,37.00874800765141
2020-10-24 03:15:50.571,7.8142714905560045,0.000888888888888712,0.0,70724.26666666666,0.52947998046875,79072.57777777777,6570.177777777777,1.0,35.0,2.90876381,6.0,26.605555555555554,12404576256.0,37.00874800765141
2020-10-24 03:16:05.571,5.234038935604875,0.001244444444444702,0.0,78916.26666666666,0.6153106689453125,82121.93333333333,6709.866666666667,1.0,36.0,2.900798155,6.0,27.649999999999935,12404576256.0,36.97085747513341
2020-10-24 03:16:20.571,7.960717283994335,0.0009777777777773937,0.0,73819.02222222222,0.6153106689453125,80259.2,6485.51111111111,1.0,38.0,2.886315487,6.0,27.649999999999935,12404576256.0,36.97085747513341
2020-10-24 03:16:35.571,9.750054255947559,0.0011555555555553888,0.0,81100.8,0.6153106689453125,88427.88888888889,6848.0888888888885,1.0,39.0,3.682910815,6.0,29.27222222222219,12404576256.0,36.945151349150606
2020-10-24 03:16:50.571,9.093995944196182,0.000888888888888712,0.0,69632.0,0.6354808807373047,88213.7111111111,6465.177777777777,1.0,40.0,5.4440279,6.0,29.27222222222219,12404576256.0,36.945151349150606
2020-10-24 03:17:05.571,4.993955502464482,0.021333333333333506,0.0,403956.6222222222,1.0158061981201172,99908.64444444444,8000.533333333334,5.0,40.0,5.4440279,6.0,33.03333333333342,12404576256.0,37.398946197425026
2020-10-24 03:17:20.571,7.4022110931425775,0.06364444444444455,21026.133333333335,1051761.7777777778,1.0158061981201172,117532.48888888888,10610.755555555554,9.0,43.0,5.4440279,6.0,33.03333333333342,12404576256.0,37.398946197425026
2020-10-24 03:17:35.571,7.775711418237417,0.0798222222222225,21026.133333333335,1347128.8888888888,1.466226577758789,130506.04444444443,12746.977777777776,9.0,43.0,5.4440279,6.0,56.70437719415179,12404576256.0,39.14092009109578
2020-10-24 03:17:50.571,9.375513850515718,0.05964444444444439,21026.133333333335,1023271.8222222221,1.0174751281738281,128084.7111111111,14167.088888888888,9.0,44.0,5.4440279,6.0,56.70437719415179,12404576256.0,39.14092009109578
2020-10-24 03:18:05.571,7.7819593072636115,0.017600000000000036,5370.31111111111,386571.3777777777,0.9082317352294922,100810.84444444443,12420.533333333333,13.0,46.0,5.4440279,6.0,73.53888888888889,12404576256.0,43.16890658324476
2020-10-24 03:18:20.571,7.354960888819112,0.010755555555555121,9466.31111111111,257501.86666666667,0.7670402526855469,92642.53333333334,11234.111111111111,13.0,45.0,5.4440279,6.0,73.53888888888889,12404576256.0,43.16890658324476
2020-10-24 03:18:35.571,7.09691038034049,0.01066666666666707,9466.31111111111,258503.1111111111,0.8500099182128906,91792.44444444444,9693.244444444445,13.0,47.0,5.301989873,6.0,59.33333333333356,12404576256.0,41.21959965804414
2020-10-24 03:18:50.571,11.065708377627297,0.03093127124858334,4095.7269515365642,597065.9733795525,1.0806560516357422,96161.83365553408,9574.006177365954,17.0,48.0,5.301989873,6.0,59.33333333333356,12404576256.0,41.21959965804414
2020-10-24 03:19:05.571,8.29683429637743,0.021955555555555544,0.0,430626.13333333336,1.1847972869873047,82826.08888888889,10014.977777777776,17.0,45.0,5.350333956,6.0,51.05000000000006,12404576256.0,43.14443870995862
2020-10-24 03:19:20.571,3.7275581953997214,0.02177777777777755,0.0,412694.7555555555,1.3834476470947266,62580.46666666667,8212.622222222222,21.0,50.0,6.9082608,6.0,51.05000000000006,12404576256.0,43.14443870995862
2020-10-24 03:19:35.571,2.25266134940541,0.11298531013178663,1001.3111985243462,515675.26724003826,1.4058589935302734,69465.27546280863,10258.461675222792,21.0,49.0,6.9082608,6.0,55.03715914394308,12404576256.0,44.93782485559497
2020-10-24 03:19:50.571,4.743857066365263,0.1125333333333338,1001.2444444444444,509542.4,1.4608383178710938,62948.57777777778,8584.377777777778,21.0,44.0,8.703651715,6.0,55.03715914394308,12404576256.0,44.93782485559497
2020-10-24 03:20:05.571,10.333167892149131,0.11297777777777784,1001.2444444444444,527200.7111111111,1.5014171600341797,62808.13333333333,12523.844444444443,25.0,56.0,5.495876108,6.0,56.481850641894816,12404576256.0,45.997125272539414
2020-10-24 03:20:20.571,14.56760708018064,0.052088888888888754,0.0,443096.1777777777,1.7161369323730469,67433.93333333333,11272.71111111111,29.0,51.0,5.495876108,6.0,56.481850641894816,12404576256.0,45.997125272539414
2020-10-24 03:20:35.571,11.828772478263907,0.07191111111111088,0.0,778513.0666666667,1.7161369323730469,113632.53333333334,19165.91111111111,29.0,46.0,5.495876108,6.0,69.36111111111119,12404576256.0,46.903674836823065
2020-10-24 03:20:50.571,9.662845101817043,0.10124444444444407,3913.9555555555553,1238357.3333333333,1.910257339477539,143865.04444444444,17357.933333333334,29.0,61.0,5.243360536999999,6.0,69.36111111111119,12404576256.0,46.903674836823065
2020-10-24 03:21:05.571,14.465335997513987,0.055288888888888874,4642.133333333333,911132.4444444444,2.759838104248047,130744.04444444443,18590.733333333334,33.0,54.0,35.452917026,6.0,65.4166666666666,12404576256.0,46.12580449277702
2020-10-24 03:21:20.571,14.465335997513987,0.0615999999999998,4642.133333333333,1196032.0,2.759838104248047,112356.02222222222,13416.555555555555,33.0,51.0,35.452917026,6.0,65.4166666666666,12404576256.0,46.12580449277702
2020-10-24 03:21:35.571,13.543854809096608,0.032088888888889264,819.2,726266.3111111111,2.715444564819336,90955.68888888888,15916.266666666666,33.0,65.0,5.80477169,6.0,55.595441953142,12404576256.0,46.204408773961426
2020-10-24 03:21:50.571,13.543854809096608,0.04231111111111103,273.06666666666666,966200.8888888888,2.715444564819336,103834.88888888889,13827.422222222222,37.0,58.0,5.80477169,6.0,55.595441953142,12404576256.0,46.204408773961426
2020-10-24 03:22:20.571,7.502834104833705,0.016711111111111322,364.08888888888885,382384.35555555555,2.0280838012695312,112292.66666666667,18105.355555555554,37.0,51.0,6.304142017999999,6.0,55.13989429864521,12404576256.0,47.754651620080296
2020-10-24 03:22:50.571,18.065626968593186,0.016622222222222007,273.06666666666666,375466.6666666667,2.0280838012695312,103625.28888888888,13769.111111111111,41.0,58.0,8.799494289,6.0,55.13989429864521,12404576256.0,47.754651620080296
2020-10-24 03:23:05.571,15.418320384594237,0.022311111111111535,91.02222222222221,495251.91111111105,3.5565853118896484,98751.97777777776,19594.466666666667,45.0,62.0,6.951335815,6.0,60.827777777777655,12404576256.0,50.80679592704017
2020-10-24 03:23:20.571,11.96348797325275,0.03635555555555546,0.0,729998.2222222221,3.5565853118896484,87561.68888888888,17413.355555555554,49.0,57.0,6.951335815,6.0,60.827777777777655,12404576256.0,50.80679592704017
2020-10-24 03:23:35.571,14.047091063539566,0.06426666666666657,0.0,1208684.0888888887,3.5565853118896484,128814.02222222222,26302.155555555553,49.0,65.0,6.951335815,6.0,82.59444444444436,12404576256.0,49.87632332065693
2020-10-24 03:23:50.571,15.984408893843568,0.04586666666666651,1456.3555555555554,835492.9777777777,2.004861831665039,108731.7111111111,19428.844444444443,49.0,72.0,10.801497836000001,6.0,82.59444444444436,12404576256.0,49.87632332065693
2020-10-24 03:24:05.571,15.440999738647717,0.031199999999999915,1456.3555555555554,583361.4222222221,2.004861831665039,102675.3111111111,22833.888888888887,50.0,61.0,5.633945315,6.0,61.699999999999974,12404576256.0,51.98997114375916
2020-10-24 03:24:20.571,15.440999738647717,0.03831111111111151,1456.3555555555554,389757.15555555554,2.6303768157958984,116366.35555555555,16403.688888888886,50.0,66.0,5.633945315,6.0,61.699999999999974,12404576256.0,51.98997114375916
2020-10-24 03:24:35.571,11.207240353418749,0.0360000000000001,0.0,368913.06666666665,2.7196884155273438,137801.48888888888,24657.977777777774,50.0,67.0,5.633945315,6.0,61.96111111111098,12404576256.0,51.94049056600035
2020-10-24 03:24:50.571,15.92295665940789,0.03662222222222213,0.0,398768.35555555555,2.7196884155273438,159518.17777777778,17956.533333333333,50.0,66.0,6.378774796,6.0,61.96111111111098,12404576256.0,51.94049056600035
2020-10-24 03:25:05.571,17.2126499782757,0.0015111111111107472,0.0,149549.5111111111,2.0945072174072266,136620.64444444442,24447.6,50.0,70.0,6.378774796,6.0,57.63333333333309,12404576256.0,53.68325694139698
2020-10-24 03:25:20.571,17.2126499782757,0.0015111111111107472,91.02222222222221,161564.44444444444,1.9750118255615234,149749.64444444442,17550.733333333334,50.0,72.0,6.378774796,6.0,57.63333333333309,12404576256.0,53.68325694139698
2020-10-24 03:25:50.571,16.351533915525426,0.0015111111111113789,91.02222222222221,152189.15555555554,1.3948917388916016,144094.06666666668,25267.355555555554,50.0,75.0,6.378774796,6.0,60.2444444444446,12404576256.0,52.857193802396665
2020-10-24 03:26:05.571,11.125022136383139,0.001688888888889374,91.02222222222221,152735.28888888887,1.0768890380859375,147626.86666666667,17591.555555555555,50.0,74.0,6.378774796,6.0,60.2444444444446,12404576256.0,52.857193802396665
2020-10-24 03:26:20.571,16.903167251114457,0.0016000000000000606,0.0,138444.8,0.751495361328125,126415.7111111111,24744.6,50.0,73.0,6.378774796,6.0,60.398459464663986,12404576256.0,52.40508297778971
2020-10-24 03:26:35.571,16.078178614814007,0.0012444444444440705,0.0,115780.26666666666,0.751495361328125,107783.17777777776,16602.155555555553,50.0,78.0,6.378774796,6.0,60.398459464663986,12404576256.0,52.40508297778971
2020-10-24 03:26:50.571,13.462911100863312,0.0012444444444440705,0.0,100215.46666666666,1.2118339538574219,93252.7111111111,24156.466666666667,50.0,77.0,6.378774796,6.0,60.56666666666667,12404576256.0,53.86953967708351
2020-10-24 03:27:05.571,15.314353988448973,0.0013333333333333838,0.0,108680.53333333334,1.250600814819336,119504.24444444444,17097.755555555555,50.0,78.0,6.378774796,6.0,60.56666666666667,12404576256.0,53.86953967708351
2020-10-24 03:27:20.571,11.599310955430052,0.010844444444444434,0.0,298279.8222222222,1.487588882446289,147509.5111111111,25808.222222222223,50.0,83.0,6.378774796,6.0,67.60555555555558,12404576256.0,53.57300292128577
2020-10-24 03:27:35.571,14.036189523016745,0.01111111111111111,0.0,316484.26666666666,1.5391826629638672,172402.77777777778,18050.42222222222,50.0,79.0,7.020658846,6.0,67.60555555555558,12404576256.0,53.57300292128577
2020-10-24 03:27:50.571,15.137247834428383,0.011466666666666469,0.0,349525.3333333333,1.5538692474365234,181777.37777777776,26053.066666666666,50.0,82.0,7.020658846,6.0,71.25,12404576256.0,55.27039971787651
2020-10-24 03:28:05.571,17.554234684322655,0.006666666666666919,182.04444444444442,239297.4222222222,1.4243602752685547,145047.2222222222,17112.28888888889,50.0,84.0,7.020658846,6.0,71.25,12404576256.0,55.27039971787651
2020-10-24 03:28:20.571,18.655500703577125,0.0068444444444442825,182.04444444444442,220091.73333333334,1.170492172241211,114135.28888888888,25052.24444444444,50.0,81.0,7.196282115,6.0,70.83333333333309,12404576256.0,54.717594183976615
2020-10-24 03:28:35.571,12.329738250045216,0.02071111111111147,12014.933333333332,396492.8,1.2265205383300781,77773.06666666667,19304.688888888886,50.0,86.0,7.196282115,6.0,70.83333333333309,12404576256.0,54.717594183976615
2020-10-24 03:28:50.571,17.168285742611104,0.015911111111111292,11832.888888888887,310749.86666666664,2.4080753326416016,81138.86666666667,28169.644444444442,50.0,85.0,6.212635261,6.0,71.61666666666684,12404576256.0,55.84380977664893
2020-10-24 03:29:05.571,12.56627471712466,0.015822222222222612,11832.888888888887,323037.86666666664,2.463960647583008,95497.13333333333,20127.11111111111,50.0,83.0,6.465661889,6.0,71.61666666666684,12404576256.0,55.84380977664893
2020-10-24 03:29:20.571,13.81735717970511,0.011199999999999792,0.0,255044.26666666666,2.1825790405273438,101989.42222222222,26508.844444444443,50.0,85.0,7.523695335,6.0,73.58333333333323,12404576256.0,56.563135533196565
2020-10-24 03:29:35.571,16.146778396260206,0.011644444444444464,0.0,268151.4666666667,2.597808837890625,112952.57777777777,17780.4,50.0,87.0,5.463754254,6.0,73.58333333333323,12404576256.0,56.563135533196565
2020-10-24 03:29:50.571,17.295104087516286,0.021155555555555514,0.0,405777.06666666665,1.9960880279541016,104036.73333333334,27469.91111111111,50.0,89.0,5.463754254,6.0,79.45200830580357,12404576256.0,57.31693424481939
2020-10-24 03:30:05.571,14.917617787451288,0.011644444444444464,0.0,263964.44444444444,1.6650199890136719,120318.75555555554,18551.888888888887,50.0,85.0,5.721748155999999,6.0,79.45200830580357,12404576256.0,57.31693424481939
2020-10-24 03:30:20.571,14.028115750762751,0.011466666666666469,0.0,288085.3333333333,2.7564048767089844,130009.02222222222,28688.066666666666,50.0,94.0,5.552615119,6.0,77.33888888888892,12404576256.0,56.83569971678685
2020-10-24 03:30:35.571,20.311116008703408,0.006666666666666288,182.04444444444442,224187.73333333334,3.679656982421875,122266.35555555555,18744.933333333334,50.0,91.0,5.552615119,6.0,77.33888888888892,12404576256.0,56.83569971678685
2020-10-24 03:30:50.571,16.109733536725138,0.006577777777777605,182.04444444444442,229922.13333333333,2.5547027587890625,126639.62222222221,29168.577777777777,50.0,89.0,6.051212014,6.0,80.85535160040604,12404576256.0,58.15067455053904
2020-10-24 03:31:05.571,17.199900611780137,0.02168888888888887,364.08888888888885,498892.8,2.2449493408203125,140913.3111111111,20226.11111111111,50.0,99.0,5.395968827,6.0,80.85535160040604,12404576256.0,58.15067455053904
2020-10-24 03:31:20.571,20.042927040014998,0.016800000000000002,182.04444444444442,405504.0,3.0832767486572266,140914.88888888888,31126.555555555555,50.0,87.0,9.513981114,6.0,77.02188023931389,12404576256.0,59.5920006894591
2020-10-24 03:31:35.571,20.19116807737218,0.016711111111111322,182.04444444444442,405959.11111111107,3.3365249633789062,140804.95555555553,20990.155555555553,50.0,92.0,5.490617245,6.0,77.02188023931389,12404576256.0,59.5920006894591
2020-10-24 03:31:50.571,20.279970337858977,0.006666666666666919,0.0,226736.35555555552,3.268909454345703,116453.0,30881.155555555553,50.0,88.0,7.08161284,6.0,84.1828295624599,12404576256.0,59.67545892121444
2020-10-24 03:32:05.571,20.126152578245186,0.006577777777778238,91.02222222222221,264601.6,3.3186912536621094,161442.53333333333,20826.28888888889,50.0,93.0,5.338720679,6.0,84.1828295624599,12404576256.0,59.67545892121444
2020-10-24 03:32:20.571,16.042092004719276,0.0068444444444442825,91.02222222222221,286082.8444444444,4.008579254150391,167333.37777777776,31967.222222222223,50.0,100.0,5.3986416319999995,6.0,86.16666666666661,12404576256.0,60.425592404855145
2020-10-24 03:32:35.571,20.874050192485303,0.015111111111110631,91.02222222222221,447647.28888888884,3.527498245239258,183975.68888888886,21915.2,50.0,90.0,5.130106573,6.0,86.16666666666661,12404576256.0,60.425592404855145
2020-10-24 03:32:50.571,18.77294447038081,0.014933333333333267,0.0,402136.1777777777,3.240633010864258,132241.44444444444,32614.222222222223,50.0,108.0,5.556320586,6.0,81.22222222222238,12404576256.0,60.068975628215114
2020-10-24 03:33:05.571,9.775715012481285,0.014755555555555903,0.0,374738.48888888885,4.050874710083008,108693.84444444443,20982.8,50.0,102.0,6.882392428,6.0,81.22222222222238,12404576256.0,60.068975628215114
2020-10-24 03:33:20.571,17.08768326008818,0.0011555555555560204,0.0,136351.28888888887,4.285478591918945,126696.77777777777,33256.688888888886,50.0,93.0,6.882392428,6.0,80.29999999999998,12404576256.0,60.84942153787023
2020-10-24 03:33:35.571,1.462144729443255,0.001777777777777424,0.0,163931.0222222222,4.007196426391602,155732.8222222222,24668.0,50.0,108.0,6.564863386,6.0,80.29999999999998,12404576256.0,60.84942153787023
2020-10-24 03:33:50.571,0.006557401849217481,0.0018666666666667373,0.0,158560.7111111111,4.909801483154297,163257.08888888886,36811.13333333333,50.0,104.0,5.142553707,6.0,78.95990117360974,12404576256.0,61.44769571079172
2020-10-24 03:34:05.571,14.374842973134788,0.0019555555555554193,0.0,130525.86666666667,4.548931121826172,131455.86666666667,23989.333333333332,50.0,95.0,5.142553707,6.0,78.95990117360974,12404576256.0,61.44769571079172
2020-10-24 03:34:20.571,21.20311511343875,0.001244444444444702,0.0,108498.48888888888,3.6431312561035156,106724.97777777776,33651.24444444444,50.0,105.0,5.715706016,6.0,82.53002830723723,12404576256.0,60.62604075139155
2020-10-24 03:34:35.571,22.800042523468456,0.000888888888888712,0.0,96756.62222222221,3.5330772399902344,84594.77777777777,20931.688888888886,50.0,96.0,10.078498833,6.0,82.53002830723723,12404576256.0,60.62604075139155
2020-10-24 03:34:50.571,22.800042523468456,0.000976150859678561,90.87077093732667,100593.94342762063,4.4551849365234375,95915.67387687188,33409.25124792013,50.0,100.0,5.390947551999999,6.0,84.5632997713216,12404576256.0,63.156385371976064
2020-10-24 03:35:05.571,22.509783816456643,0.0056888888888888935,1638.4,202706.48888888888,4.299354553222656,106439.48888888888,21502.577777777777,50.0,108.0,5.474814204,6.0,84.5632997713216,12404576256.0,63.156385371976064
2020-10-24 03:35:20.571,22.509783816456643,0.006221669184961363,2457.381566083015,264123.01128788554,4.919195175170898,188188.04995111548,36423.18460581282,50.0,93.0,10.985306602000001,6.0,95.1548618416054,12404576256.0,61.64437976913027
2020-10-24 03:35:35.571,23.017061366053532,0.02493043962159101,4285.1864218141345,617705.0639955481,4.919195175170898,210203.67278797997,26137.495826377297,50.0,94.0,14.523335572,6.0,95.1548618416054,12404576256.0,61.64437976913027
2020-10-24 03:35:50.571,23.017061366053532,0.05661718958314821,2821.43809439161,1022998.8445471515,9.633064270019531,226669.47382454897,37441.33854768465,50.0,92.0,13.485503064000001,6.0,87.47477483615907,12404576256.0,59.37109640837376
2020-10-24 03:36:05.571,20.55752171940176,0.05636056538358968,2093.6972175304472,984765.9347497555,9.633064270019531,184992.73268734998,25040.381367232643,50.0,95.0,5.517584889,6.0,87.47477483615907,12404576256.0,59.37109640837376
2020-10-24 03:36:20.571,20.55752171940176,0.03857777777777818,182.04444444444442,671288.8888888888,6.888055801391602,163619.28888888887,31517.088888888888,50.0,109.0,5.517584889,6.0,87.84444444444439,12404576256.0,59.96927152107951
2020-10-24 03:36:35.571,20.86548164805414,0.002044626188994234,91.03031380567161,154114.32127300205,6.888055801391602,128146.41301449017,19864.1657036181,50.0,110.0,9.078242544,6.0,87.84444444444439,12404576256.0,59.96927152107951
2020-10-24 03:36:50.571,20.86548164805414,0.0018666666666667373,0.0,127522.13333333333,7.588291168212891,71080.48888888888,25587.088888888888,50.0,94.0,12.766535988,6.0,77.3722222222222,12404576256.0,58.14284879349609
2020-10-24 03:37:20.571,21.88577354499555,0.0005333333333333534,0.0,62623.288888888885,7.588291168212891,45631.444444444445,16863.31111111111,50.0,92.0,18.510806248,6.0,77.3722222222222,12404576256.0,58.14284879349609
2020-10-24 03:37:35.571,15.708873288756973,0.00044444444444467177,0.0,70724.26666666666,8.942174911499023,47497.22222222222,24553.2,50.0,89.0,19.539797276,6.0,72.71111111111117,12404576256.0,60.632479665414216
2020-10-24 03:37:50.571,22.382094876051823,0.00017777777777736343,0.0,71452.44444444444,8.942174911499023,70938.35555555555,17227.155555555553,50.0,86.0,21.366807093,6.0,72.71111111111117,12404576256.0,60.632479665414216
2020-10-24 03:38:05.571,21.933417007227966,0.0004444444444440402,182.04444444444442,76549.68888888888,8.35270881652832,73236.06666666667,25125.066666666666,50.0,92.0,21.655631954,6.0,72.97777777777773,12404576256.0,60.117217953277255
2020-10-24 03:38:20.571,21.52973014269275,0.0005333333333333534,182.04444444444442,107861.33333333333,8.35270881652832,114119.4,18170.577777777777,50.0,84.0,20.118428639999998,6.0,72.97777777777773,12404576256.0,60.117217953277255
2020-10-24 03:38:35.571,21.844441708875202,0.0008888888888893435,364.08888888888885,143177.95555555553,8.725214004516602,146063.0,26477.644444444442,50.0,92.0,19.716037368000002,6.0,70.04444444444454,12404576256.0,59.99908864601525
2020-10-24 03:38:50.571,21.844441708875202,0.0008000000000000303,182.04444444444442,160927.28888888887,8.725214004516602,168949.64444444442,21540.688888888886,50.0,88.0,11.625069262,6.0,70.04444444444454,12404576256.0,59.99908864601525
2020-10-24 03:39:20.571,25.032201186601792,0.001244444444444702,182.04444444444442,166752.7111111111,8.725214004516602,171727.68888888886,29307.62222222222,50.0,89.0,27.226418462,6.0,73.03333333333349,12404576256.0,59.401953665574695
2020-10-24 03:39:50.571,24.310999966535896,0.0009777777777773937,0.0,168209.06666666668,9.279346466064453,177481.37777777776,21425.28888888889,50.0,93.0,21.666233077,6.0,73.03333333333349,12404576256.0,59.401953665574695
2020-10-24 03:40:05.571,25.353576873209114,0.0008888888888893435,0.0,162656.7111111111,10.018777847290039,163238.37777777776,26409.644444444442,50.0,88.0,23.980409477000002,6.0,71.32150479887201,12404576256.0,60.088391430498866
2020-10-24 03:40:20.571,19.73782447997154,0.0002666666666666767,0.0,126429.86666666667,10.018777847290039,128604.66666666667,17986.933333333334,50.0,95.0,27.102722666000002,6.0,71.32150479887201,12404576256.0,60.088391430498866
2020-10-24 03:40:35.571,25.14876994275393,8.888888888931332e-05,0.0,102855.1111111111,6.415367126464844,102351.75555555554,25480.28888888889,50.0,95.0,20.147852262,6.0,76.55041366743778,12404576256.0,60.47096198366102
2020-10-24 03:40:50.571,24.004443955149917,0.00035555555555535846,0.0,98668.08888888889,5.81974983215332,102426.48888888888,17651.333333333332,50.0,95.0,28.594930415,6.0,76.55041366743778,12404576256.0,60.47096198366102
2020-10-24 03:41:20.571,22.59117857170777,0.0004444444444440402,0.0,96301.5111111111,5.442380905151367,99381.2,25531.933333333334,50.0,92.0,23.164386528999998,6.0,72.12222222222206,12404576256.0,59.19467016415268
2020-10-24 03:41:35.571,13.877882163923076,0.0005333333333333534,0.0,73454.93333333333,5.442380905151367,76476.88888888889,17488.888888888887,50.0,100.0,17.376698772,6.0,72.12222222222206,12404576256.0,59.19467016415268
2020-10-24 03:41:50.571,15.716151477323914,0.0002666666666666767,0.0,49698.13333333333,5.442380905151367,55114.11111111111,24936.91111111111,50.0,99.0,21.273250528000002,6.0,78.37166023442455,12404576256.0,60.65640270751381
2020-10-24 03:42:05.571,10.37130951163045,0.0002666666666666767,91.02222222222221,52428.8,4.383420944213867,52976.35555555555,17094.48888888889,50.0,104.0,14.71497954,6.0,78.37166023442455,12404576256.0,60.65640270751381
2020-10-24 03:42:20.571,20.962730760811343,0.00017777777777736343,91.02222222222221,50881.422222222216,4.383420944213867,52893.73333333333,24907.333333333332,50.0,109.0,14.724487157,6.0,79.94444444444463,12404576256.0,59.70928798488737
2020-10-24 03:42:35.571,12.724741173851347,0.00017777777777799503,91.02222222222221,74911.28888888888,4.549551010131836,74354.24444444444,17401.977777777778,50.0,104.0,15.593600543,6.0,79.94444444444463,12404576256.0,59.70928798488737
2020-10-24 03:42:50.571,15.539433681962825,0.00035555555555599007,0.0,82739.2,5.110502243041992,87991.04444444443,25386.355555555554,50.0,108.0,16.310791188,6.0,83.18538139045673,12404576256.0,59.115025750703076
2020-10-24 03:43:05.571,23.32359285397311,0.0006222222222226668,0.0,102491.02222222222,5.110502243041992,105589.4,17804.533333333333,50.0,103.0,21.385823955,6.0,83.18538139045673,12404576256.0,59.115025750703076
2020-10-24 03:43:20.571,24.552084852537266,0.0006222222222220352,0.0,88928.7111111111,5.355024337768555,94008.08888888889,25585.8,50.0,93.0,24.827041759,6.0,79.37222222222216,12404576256.0,58.52626135849199
2020-10-24 03:43:35.571,24.879198058260457,0.0005333333333333534,91.02222222222221,82466.13333333333,5.355024337768555,85306.57777777777,17592.555555555555,50.0,87.0,28.382447854,6.0,79.37222222222216,12404576256.0,58.52626135849199
2020-10-24 03:43:50.571,24.879198058260457,0.00035555555555535846,91.02222222222221,82284.08888888889,5.355024337768555,87941.15555555555,25232.177777777775,50.0,84.0,30.706737845,6.0,72.66111111111123,12404576256.0,60.02885624084312
2020-10-24 03:44:05.571,24.985027738813617,0.0004444444444440402,182.04444444444442,93843.9111111111,7.061195373535156,96375.8,17466.777777777777,50.0,84.0,33.374465195999996,6.0,72.66111111111123,12404576256.0,60.02885624084312
2020-10-24 03:44:20.571,24.985027738813617,0.0004444444444440402,91.02222222222221,103037.15555555555,7.32269287109375,108105.88888888889,25494.0,50.0,92.0,29.7625457,6.0,71.45912738090826,12404576256.0,60.79280862457863
2020-10-24 03:44:35.571,22.525839403849204,0.0004444444444440402,91.02222222222221,105039.64444444444,7.32269287109375,110781.26666666666,20579.2,50.0,88.0,32.82219654,6.0,71.45912738090826,12404576256.0,60.79280862457863
2020-10-24 03:44:50.571,22.525839403849204,0.0005333333333333534,0.0,102308.97777777776,7.32269287109375,111056.5111111111,28608.24444444444,50.0,88.0,31.568079452000003,6.0,72.24444444444481,12404576256.0,59.17763180704655
2020-10-24 03:45:05.571,22.758110174315107,0.0005333333333333534,91.02222222222221,104584.53333333334,7.060337066650391,107853.26666666666,20503.666666666668,50.0,88.0,27.168673482,6.0,72.24444444444481,12404576256.0,59.17763180704655
2020-10-24 03:45:20.571,22.758110174315107,0.0005333333333333534,91.02222222222221,119330.13333333333,7.135629653930664,122818.6,26032.222222222223,50.0,92.0,24.718089917,6.0,71.60555555555574,12404576256.0,60.20305363021019
2020-10-24 03:45:35.571,25.880656516209,0.0005333333333333534,91.02222222222221,124518.4,7.135629653930664,125444.4,17989.11111111111,50.0,105.0,26.343800772999998,6.0,71.60555555555574,12404576256.0,60.20305363021019
2020-10-24 03:45:50.571,25.880656516209,0.0005332859301395634,0.0,122505.02177584216,6.16602897644043,128856.19056083905,26176.82872633544,50.0,109.0,20.663161637,6.0,80.8222227160055,12404576256.0,59.784227038089654
2020-10-24 03:46:05.571,17.47623864054331,0.0010666666666667068,0.0,131891.2,6.16602897644043,134552.26666666666,18509.8,50.0,111.0,22.470493252,6.0,80.8222227160055,12404576256.0,59.784227038089654
2020-10-24 03:46:20.571,23.421360697623378,0.0010666666666667068,0.0,132255.28888888887,5.826377868652344,137686.2,26500.377777777776,50.0,105.0,23.710214264999998,6.0,81.46111111111092,12404576256.0,58.480247888283856
2020-10-24 03:46:35.571,26.09189130733494,0.0010667614899102546,0.0,129445.10623166504,5.826377868652344,131498.44430616053,18437.461107654013,50.0,98.0,27.268614139,6.0,81.46111111111092,12404576256.0,58.480247888283856
2020-10-24 03:46:50.571,26.09189130733494,0.0006222222222226668,91.02222222222221,103128.17777777776,7.614803314208984,108300.44444444444,25714.333333333332,50.0,92.0,32.760420837,6.0,77.03888888888856,12404576256.0,60.202261148484325
2020-10-24 03:47:05.571,22.871513461352354,0.0005333333333333534,91.02222222222221,107952.35555555555,7.614803314208984,108370.53333333334,17763.888888888887,50.0,88.0,37.354336239,6.0,77.03888888888856,12404576256.0,60.202261148484325
2020-10-24 03:47:20.571,22.871513461352354,0.0006222222222220352,91.02222222222221,113413.68888888888,8.276176452636719,116976.15555555555,25801.44444444444,50.0,93.0,31.282147696,6.0,73.38601902053146,12404576256.0,60.47522157293754
2020-10-24 03:47:35.571,24.209177259072863,0.000888888888888712,0.0,118237.86666666667,8.276176452636719,120589.0,18015.066666666666,50.0,96.0,30.678478626,6.0,73.38601902053146,12404576256.0,60.47522157293754
2020-10-24 03:47:50.571,24.209177259072863,0.0009777777777780253,91.02222222222221,127431.1111111111,7.509613037109375,134378.6888888889,26363.222222222223,50.0,102.0,25.638665154999998,6.0,76.35555555555547,12404576256.0,60.11028373817593
2020-10-24 03:48:05.571,22.366414516620267,0.0008000000000000303,91.02222222222221,119512.17777777776,7.509613037109375,123275.04444444443,18392.24444444444,50.0,110.0,18.709075085000002,6.0,76.35555555555547,12404576256.0,60.11028373817593
2020-10-24 03:48:20.571,22.366414516620267,0.0007111111111113485,91.02222222222221,126156.8,6.754207611083984,131244.93333333332,26414.91111111111,50.0,108.0,23.169266868999998,6.0,81.90555555555585,12404576256.0,59.56272839570991
2020-10-24 03:48:35.571,23.246315773385305,0.0008000000000000303,0.0,114232.88888888889,6.754207611083984,117176.86666666667,18121.62222222222,50.0,102.0,28.844411592,6.0,81.90555555555585,12404576256.0,59.56272839570991
2020-10-24 03:48:50.571,23.246315773385305,0.0008888888888893435,0.0,105312.7111111111,7.1308135986328125,111360.3111111111,26004.133333333335,50.0,100.0,30.757850448000003,6.0,78.81666666666686,12404576256.0,58.54528091991278
2020-10-24 03:49:05.571,22.55493916094094,0.0005333333333333534,0.0,70633.24444444444,7.1308135986328125,70534.26666666666,17355.733333333334,50.0,99.0,30.171064475999998,6.0,78.81666666666686,12404576256.0,58.54528091991278
2020-10-24 03:49:20.571,22.55493916094094,0.0002666666666666767,0.0,48787.911111111105,8.133554458618164,53294.73333333333,25030.2,50.0,97.0,34.399546099,6.0,79.82169221044421,12404576256.0,61.20628596504958
2020-10-24 03:49:50.571,24.82986393509853,0.00017777777777736343,182.04444444444442,70724.26666666666,8.133554458618164,82047.33333333333,20080.377777777776,50.0,103.0,33.199728353,6.0,79.82169221044421,12404576256.0,61.20628596504958
2020-10-24 03:50:20.571,28.56188646523442,0.0004444444444440402,182.04444444444442,96574.57777777777,8.061361312866211,113907.62222222221,28598.955555555553,50.0,103.0,31.948017104999998,6.0,78.24444444444427,12404576256.0,60.8722053874889
2020-10-24 03:50:35.571,27.040787096971908,0.00035555555555535846,182.04444444444442,116599.46666666666,8.061361312866211,128327.24444444444,20958.48888888889,50.0,101.0,27.783882529,6.0,78.24444444444427,12404576256.0,60.8722053874889
2020-10-24 03:50:50.571,24.781165399756375,0.00044444444444467177,0.0,99942.4,7.317018508911133,105138.5111111111,25867.088888888888,50.0,98.0,38.576434986,6.0,79.20054245708155,12404576256.0,61.09964764281264
2020-10-24 03:51:05.571,14.556869575240224,0.0006222222222220352,0.0,130980.97777777776,7.317018508911133,133594.06666666668,18506.644444444442,50.0,92.0,35.542253345,6.0,79.20054245708155,12404576256.0,61.09964764281264
2020-10-24 03:51:20.571,28.66248297164714,0.0008000000000000303,0.0,128159.28888888888,8.552694320678711,131762.0,26305.333333333332,50.0,86.0,44.702643892,6.0,74.70000000000014,12404576256.0,61.799755717508
2020-10-24 03:51:50.571,22.83944691502013,0.0011555555555553888,0.0,150641.77777777778,8.552694320678711,152062.28888888887,18757.777777777774,50.0,85.0,41.822720618,6.0,74.70000000000014,12404576256.0,61.799755717508
2020-10-24 03:52:05.571,24.133448318748812,0.0013333333333333838,2548.622222222222,123153.06666666667,10.00823974609375,129519.1111111111,26003.177777777775,50.0,90.0,41.479010273,6.0,73.34999999999985,12404576256.0,63.44435341911287
2020-10-24 03:52:20.571,12.83606507000002,0.0016000000000000606,2548.622222222222,145544.53333333333,10.00823974609375,148779.17777777778,18681.6,50.0,94.0,37.014330275,6.0,73.34999999999985,12404576256.0,63.44435341911287
2020-10-24 03:52:35.571,26.122179417376064,0.0011555555555553888,3640.8888888888887,126702.93333333333,8.165884017944336,131544.15555555554,26632.933333333334,50.0,106.0,37.549864365000005,6.0,79.06111111111109,12404576256.0,61.7331872525352
2020-10-24 03:52:50.571,25.728992249425104,0.0008000000000000303,3003.733333333333,111138.13333333333,8.165884017944336,111197.13333333333,18697.666666666668,50.0,104.0,25.827249349000002,6.0,79.06111111111109,12404576256.0,61.7331872525352
2020-10-24 03:53:05.571,22.60684006034168,0.0005333333333333534,3003.733333333333,92023.46666666666,8.165884017944336,96811.35555555555,26243.31111111111,50.0,109.0,31.865126197000002,6.0,77.50497455498999,12404576256.0,61.284048234400245
2020-10-24 03:53:20.571,22.60684006034168,0.0006222222222226668,1911.4666666666667,89565.86666666667,9.362316131591797,90810.82222222221,18083.866666666665,50.0,118.0,27.095172178000002,6.0,77.50497455498999,12404576256.0,61.284048234400245
2020-10-24 03:53:35.571,25.136030067806786,0.00044444444444467177,0.0,87836.44444444444,9.362316131591797,91025.46666666666,26071.28888888889,50.0,118.0,25.209346428,6.0,85.95555555555569,12404576256.0,63.146429820294856
2020-10-24 03:53:50.571,25.136030067806786,0.0005332859301395634,0.0,87373.56679406276,7.297277450561523,88524.46449204515,18374.32228246378,50.0,122.0,24.797574443000002,6.0,85.95555555555569,12404576256.0,63.146429820294856
2020-10-24 03:54:05.571,25.03611100307342,0.0006222222222220352,0.0,69632.0,6.992959976196289,74136.77777777777,26110.888888888887,50.0,120.0,28.880671706,6.0,90.42748283295158,12404576256.0,59.704285443992845
2020-10-24 03:54:20.571,25.03611100307342,0.0005333333333333534,0.0,54704.35555555555,6.992959976196289,53693.51111111111,17605.733333333334,50.0,106.0,28.882150576,6.0,90.42748283295158,12404576256.0,59.704285443992845
2020-10-24 03:54:35.571,27.370338313222298,0.00026669037247756364,0.0,29584.851986843274,6.992959976196289,30031.869499511067,24941.772602009067,50.0,104.0,30.728825574,6.0,83.39444395057308,12404576256.0,60.722327281084354
2020-10-24 03:54:50.571,27.370338313222298,0.0002666666666666767,0.0,45329.066666666666,10.360956192016602,44478.71111111111,17111.244444444445,50.0,100.0,37.000232413999996,6.0,83.39444395057308,12404576256.0,60.722327281084354
2020-10-24 03:55:05.571,24.006351701035296,0.0008000000000000303,2093.511111111111,93024.7111111111,10.360956192016602,96783.9111111111,26194.466666666667,50.0,94.0,39.720064644,6.0,80.65504381578855,12404576256.0,61.73977475688146
2020-10-24 03:55:20.571,24.006351701035296,0.0013333333333333838,2093.511111111111,145635.55555555553,8.968019485473633,151730.68888888886,21916.533333333333,50.0,100.0,46.509475934,6.0,80.65504381578855,12404576256.0,61.73977475688146
2020-10-24 03:55:35.571,16.992732616222998,0.0013333333333333838,2093.511111111111,141721.6,10.357666015625,148565.04444444444,29607.977777777774,50.0,103.0,39.037718231,6.0,76.83333333333331,12404576256.0,63.950154880647304
2020-10-24 03:55:50.571,18.17184099886343,0.0011555555555553888,5916.444444444443,108407.46666666666,10.357666015625,113780.15555555555,21074.177777777775,50.0,104.0,34.719379561000004,6.0,76.83333333333331,12404576256.0,63.950154880647304
2020-10-24 03:56:05.571,19.762257773232463,0.0008000000000000303,5916.444444444443,65536.0,9.240388870239258,68366.37777777777,25563.0,50.0,106.0,40.686714247999994,6.0,84.08888888888907,12404576256.0,62.575100026052844
2020-10-24 03:56:20.571,19.762257773232463,0.000888888888888712,5916.444444444443,98577.06666666667,9.240388870239258,99773.93333333333,18546.377777777776,50.0,99.0,40.185154841000006,6.0,84.08888888888907,12404576256.0,62.575100026052844
2020-10-24 03:56:35.571,21.17314768125782,0.0009777777777780253,91.02222222222221,130343.82222222221,10.430192947387695,134936.93333333332,27117.555555555555,50.0,87.0,46.070965761,6.0,73.52710899748396,12404576256.0,62.80615797925084
2020-10-24 03:56:50.571,21.17314768125782,0.0009777777777773937,91.02222222222221,148548.26666666666,10.430192947387695,148408.3111111111,19137.733333333334,50.0,92.0,44.865684952,6.0,73.52710899748396,12404576256.0,62.80615797925084
2020-10-24 03:57:05.571,24.894120910343215,0.0007111111111113485,91.02222222222221,112321.42222222222,11.162996292114258,114241.82222222221,26235.888888888887,50.0,97.0,46.016622967,6.0,76.08888888888879,12404576256.0,65.87821338957312
2020-10-24 03:57:20.571,24.89412091034322,0.0005333333333333534,0.0,111229.15555555555,11.162996292114258,111135.46666666666,18304.4,50.0,109.0,42.080944761,6.0,76.08888888888879,12404576256.0,65.87821338957312
2020-10-24 03:57:35.571,23.82015315060132,0.0005333333333333534,637.1555555555555,91568.35555555555,9.898519515991211,96607.84444444443,25985.866666666665,50.0,121.0,36.213207047000004,6.0,85.0218060401342,12404576256.0,64.42599062692238
2020-10-24 03:57:50.571,23.820153150601325,0.0007111111111107169,637.1555555555555,116508.44444444444,9.898519515991211,120532.26666666666,18783.177777777775,50.0,121.0,29.832346980999997,6.0,85.0218060401342,12404576256.0,64.42599062692238
2020-10-24 03:58:05.571,23.995323457986732,0.0006222222222220352,637.1555555555555,97939.9111111111,9.204959869384766,103500.15555555555,26117.31111111111,50.0,113.0,36.258007382,6.0,87.30000000000005,12404576256.0,62.14958686937029
2020-10-24 03:58:20.571,23.995323457986732,0.0007111111111113485,0.0,99487.28888888888,9.204959869384766,102752.66666666667,18275.0,50.0,103.0,39.656153919999994,6.0,87.30000000000005,12404576256.0,62.14958686937029
2020-10-24 03:58:35.571,17.539237434372296,0.0005333333333333534,0.0,71179.37777777777,9.904098510742188,76316.66666666667,25479.266666666666,50.0,88.0,45.83939557,6.0,79.33888888888873,12404576256.0,63.15163048162087
2020-10-24 03:58:50.571,17.763904520169756,0.000888888888888712,5825.4222222222215,66264.17777777778,9.904098510742188,66547.28888888888,17489.355555555554,50.0,74.0,52.259763793,6.0,79.33888888888873,12404576256.0,63.15163048162087
2020-10-24 03:59:05.571,27.048352865738412,0.0007111111111113485,5825.4222222222215,82648.17777777776,12.638568878173828,84834.62222222221,25461.688888888886,50.0,76.0,60.000138004,6.0,69.51666666666674,12404576256.0,66.31635672376167
2020-10-24 03:59:20.571,27.048352865738412,0.0009777777777780253,6735.644444444444,111138.13333333333,12.638568878173828,111595.84444444443,18014.4,50.0,83.0,60.000340762,6.0,69.51666666666674,12404576256.0,66.31635672376167
2020-10-24 03:59:35.571,25.59048137211669,0.0008000000000000303,2275.555555555555,138080.7111111111,12.29562759399414,144077.8,26401.24444444444,50.0,92.0,60.000273611999994,6.0,67.62222222222249,12404576256.0,66.59694478482635
2020-10-24 03:59:50.571,25.59048137211669,0.000888888888888712,2275.555555555555,153372.44444444444,12.29562759399414,158678.17777777778,18920.533333333333,50.0,103.0,60.000312389,6.0,67.62222222222249,12404576256.0,66.59694478482635
2020-10-24 04:00:05.571,23.29616386228068,0.0006222222222220352,1365.3333333333333,132801.42222222223,12.745332717895508,137577.93333333332,26317.933333333334,50.0,103.0,60.000291554,6.0,72.88333333333324,12404576256.0,67.10334060765518
2020-10-24 04:00:20.571,23.29616386228068,0.0006222222222226668,0.0,126976.0,12.745332717895508,131331.7111111111,20982.511111111107,50.0,93.0,60.000235296999996,6.0,72.88333333333324,12404576256.0,67.10334060765518
2020-10-24 04:00:35.571,23.347417337062815,0.0006222222222220352,364.08888888888885,104675.55555555555,10.797119140625,111225.2,28848.28888888889,50.0,87.0,60.000295772,6.0,82.8444444444445,12404576256.0,64.73822842691386
2020-10-24 04:00:50.571,23.347417337062815,0.0006222222222226668,364.08888888888885,99396.26666666666,10.797119140625,104482.9111111111,20838.266666666666,50.0,89.0,59.895259089,6.0,82.8444444444445,12404576256.0,64.73822842691386
2020-10-24 04:01:05.571,24.484407492718795,0.0002666666666666767,364.08888888888885,68721.77777777778,12.502574920654297,70761.42222222222,25561.24444444444,50.0,92.0,59.894036106,6.0,75.05555555555526,12404576256.0,66.11150019762513
2020-10-24 04:01:20.571,24.484407492718795,0.00017777777777799503,0.0,62259.2,12.502574920654297,61833.933333333334,17306.644444444442,50.0,103.0,59.898304383,6.0,75.05555555555526,12404576256.0,66.11150019762513
2020-10-24 04:01:35.571,25.28188647896046,8.888888888868172e-05,1456.3555555555554,65444.97777777778,10.593891143798828,68640.57777777777,25533.177777777775,50.0,111.0,59.901668244,6.0,80.67777777777766,12404576256.0,65.79267489328737
2020-10-24 04:01:50.571,25.28188647896046,0.00035555555555535846,1456.3555555555554,64534.75555555555,10.593891143798828,67943.3111111111,17637.266666666666,50.0,113.0,59.901668244,6.0,80.67777777777766,12404576256.0,65.79267489328737
2020-10-24 04:02:05.571,22.289390504677797,0.0002666666666666767,1456.3555555555554,42052.26666666667,10.012531280517578,44724.933333333334,25386.91111111111,50.0,119.0,59.901668244,6.0,87.09687199905474,12404576256.0,63.67813552824355
2020-10-24 04:02:20.571,22.289390504677797,0.0002666666666666767,0.0,26396.44444444444,10.012531280517578,27177.088888888888,17222.866666666665,50.0,111.0,59.901668244,6.0,87.09687199905474,12404576256.0,63.67813552824355
2020-10-24 04:02:35.571,23.242837911537535,8.888888888868172e-05,0.0,16475.022222222222,10.156106948852539,18444.62222222222,24900.355555555554,50.0,107.0,59.901668244,6.0,86.24897219938208,12404576256.0,63.565504062954744
2020-10-24 04:02:50.571,23.242837911537535,8.888888888868172e-05,0.0,16110.933333333332,10.156106948852539,18414.6,16742.866666666665,50.0,98.0,59.901668244,6.0,86.24897219938208,12404576256.0,63.565504062954744
2020-10-24 04:06:05.571,35.87786317493972,0.0002666666666666767,0.0,30765.511111111107,11.817073822021484,32984.333333333336,24789.088888888888,50.0,83.0,59.901668244,6.0,76.68333333333305,12404576256.0,65.74190653272404
2020-10-24 04:06:20.571,41.19027155138271,0.00017777777777799503,0.0,48787.911111111105,11.817073822021484,50365.48888888888,17257.955555555553,50.0,88.0,60.000313706,6.0,76.68333333333305,12404576256.0,65.74190653272404
2020-10-24 04:06:35.571,11.603136186873186,0.0009777777777780253,74274.13333333333,69905.06666666667,13.311529159545898,73808.42222222222,25577.533333333333,50.0,97.0,60.000272218999996,6.0,73.86666666666657,12404576256.0,67.39259643759652
2020-10-24 04:06:50.571,12.418758996298918,0.0012444444444440705,78734.22222222222,95937.42222222222,13.311529159545898,99839.15555555555,18154.955555555553,50.0,101.0,60.000301309,6.0,73.86666666666657,12404576256.0,67.39259643759652
2020-10-24 04:07:35.571,17.39049913166224,0.0015111111111107472,78734.22222222222,118601.95555555556,12.813758850097656,123522.33333333333,26331.511111111107,50.0,106.0,60.000299238,6.0,78.40555555555524,12404576256.0,66.9472712377673
2020-10-24 04:07:50.571,21.28630475828904,0.000888888888888712,4460.0888888888885,123244.08888888889,12.813758850097656,126114.4,18433.977777777774,50.0,106.0,60.00030556,6.0,78.40555555555524,12404576256.0,66.9472712377673
2020-10-24 04:08:05.571,14.822186160815617,0.0009777777777780253,0.0,118237.86666666667,11.942625045776367,125601.5111111111,26428.711111111108,50.0,96.0,60.000343076,6.0,82.53333333333369,12404576256.0,66.13378874616514
2020-10-24 04:08:35.571,12.314044418877932,0.0008000000000000303,2912.7111111111108,109044.62222222221,11.942625045776367,111555.77777777777,18517.48888888889,50.0,93.0,60.000365656,6.0,82.53333333333369,12404576256.0,66.13378874616514
2020-10-24 04:08:50.571,17.511831108781983,0.0008000000000000303,2912.7111111111108,118692.97777777776,14.03660774230957,123152.95555555556,26452.62222222222,50.0,95.0,60.000303446,6.0,79.29444444444445,12404576256.0,67.48516820919932
2020-10-24 04:09:05.571,21.1772451861131,0.0007111111111113485,2912.7111111111108,121969.77777777777,14.03660774230957,130235.2,21240.066666666666,50.0,97.0,59.901413397999995,6.0,79.29444444444445,12404576256.0,67.48516820919932
2020-10-24 04:09:20.571,21.466735306066735,0.0008888888888893435,1638.4,132619.37777777776,12.698984146118164,146824.75555555554,29188.066666666666,50.0,102.0,59.895142994000004,6.0,74.40621010891107,12404576256.0,67.29665661865877
2020-10-24 04:10:05.571,15.0013104001358,0.0014222222222220655,1638.4,157468.44444444444,12.698984146118164,169502.64444444442,21752.82222222222,50.0,108.0,59.893767132,6.0,74.40621010891107,12404576256.0,67.29665661865877
2020-10-24 04:10:20.571,20.181597482310924,0.0014222222222220655,1638.4,158833.77777777778,14.351606369018555,162514.53333333333,26446.8,50.0,107.0,59.895508758000005,6.0,74.30555555555556,12404576256.0,67.17927026301479
2020-10-24 04:11:05.571,1.8083373377218916,0.0016888888888887423,0.0,113322.66666666667,14.351606369018555,115239.88888888889,16908.355555555554,50.0,99.0,60.000262793000005,6.0,74.30555555555556,12404576256.0,67.17927026301479
2020-10-24 04:11:20.571,2.5666849320363982,0.0009777777777780253,0.0,53430.044444444444,14.351606369018555,54804.08888888888,23104.4,1.0,95.0,59.898913220000004,6.0,69.57777777777791,12404576256.0,69.03536152521032
2020-10-24 04:11:35.571,13.756403109866906,0.013599999999999883,1820.4444444444443,98030.93333333333,14.351606369018555,42378.24444444444,15857.777777777777,1.0,94.0,59.897966683,6.0,69.57777777777791,12404576256.0,69.03536152521032
2020-10-24 04:11:50.571,18.405698104408692,0.018577777777777426,145271.46666666667,100852.62222222221,14.351606369018555,48212.11111111111,15407.777777777777,1.0,101.0,59.898638917999996,6.0,82.0111111111113,12404576256.0,65.27439184457057
2020-10-24 04:12:05.571,37.17865886167919,0.0427555555555557,554598.4,208258.84444444443,14.351606369018555,79826.48888888888,9057.4,1.0,106.0,59.898786471,6.0,82.0111111111113,12404576256.0,65.27439184457057
2020-10-24 04:12:20.571,43.16862354589281,0.03937777777777759,637701.6888888888,154191.64444444442,14.351606369018555,61084.46666666667,7344.688888888889,1.0,110.0,59.898687898,6.0,69.01026368487192,12404576256.0,66.37693204568261
2020-10-24 04:12:35.571,42.64851022669261,0.05928888888888903,502806.7555555555,324312.1777777777,14.351606369018555,69480.35555555555,9712.555555555555,1.0,110.0,59.898683405,6.0,69.01026368487192,12404576256.0,66.37693204568261
2020-10-24 04:12:50.571,42.64851022669261,0.07493333333333302,114414.93333333333,400770.8444444444,14.351606369018555,41994.35555555555,8013.888888888889,1.0,96.0,59.898655172,6.0,63.36111111111147,12404576256.0,63.428008483516884
2020-10-24 04:13:05.571,26.262119839716497,0.11466666666666721,35771.73333333333,625322.6666666666,14.351606369018555,26880.755555555555,7422.11111111111,1.0,98.0,59.898293255,6.0,63.36111111111147,12404576256.0,63.428008483516884
2020-10-24 04:13:20.571,27.785598857087628,0.14391111111111107,31220.62222222222,746382.2222222221,14.351606369018555,13765.755555555554,5864.622222222222,1.0,104.0,59.901880781,6.0,60.577777777777754,12404576256.0,45.44635047306206
2020-10-24 04:14:05.571,14.824708453125002,0.19288888888888903,36408.88888888888,1333293.511111111,14.351606369018555,19155.644444444442,7902.133333333333,1.0,105.0,59.899826818,6.0,60.577777777777754,12404576256.0,45.44635047306206
2020-10-24 04:14:20.571,14.824708453125002,0.16026666666666642,40960.0,1253102.9333333333,19.956636428833008,45119.86666666667,9937.066666666668,1.0,111.0,59.895684876,6.0,57.12222222222232,12404576256.0,49.346301636375706
2020-10-24 04:14:35.571,21.552336288324085,0.10560000000000021,37137.066666666666,955915.3777777777,19.956636428833008,68017.6,12035.244444444445,1.0,113.0,59.895320213,6.0,57.12222222222232,12404576256.0,49.346301636375706
2020-10-24 04:14:50.571,19.5843714604583,0.01955555555555545,11195.733333333334,267423.28888888884,39.92624282836914,61165.46666666667,11969.422222222222,1.0,105.0,59.909562451999996,6.0,57.494444444444824,12404576256.0,67.87962598824949
2020-10-24 04:15:20.571,34.26455587227035,0.03262222222222198,53248.0,163111.8222222222,39.92624282836914,37793.666666666664,11602.422222222222,1.0,146.0,59.901509573000006,6.0,57.494444444444824,12404576256.0,67.87962598824949
2020-10-24 04:15:35.571,24.884327989536324,0.124533333333333,113595.73333333334,339148.8,40.99478721618652,13058.577777777777,10261.777777777777,1.0,124.0,59.901509573000006,6.0,60.449999999999726,12404576256.0,74.00318181412935
2020-10-24 04:15:50.571,20.640662322500003,0.13688888888888878,133620.6222222222,286993.06666666665,40.99478721618652,14403.0,12166.733333333334,1.0,106.0,59.898762665,6.0,60.449999999999726,12404576256.0,74.00318181412935
2020-10-24 04:16:05.571,44.13466741645592,0.13964444444444488,167480.88888888888,246124.08888888886,40.99478721618652,15223.933333333332,12231.644444444444,1.0,111.0,59.90179404,6.0,60.45000000000022,12404576256.0,50.12545976322627
2020-10-24 04:16:20.571,44.19536545683618,0.052355555555556064,133165.5111111111,70087.1111111111,44.37050819396973,15862.2,12295.066666666668,1.0,73.0,59.895660595,6.0,60.45000000000022,12404576256.0,50.12545976322627
2020-10-24 04:16:50.571,39.15206699032128,0.04151111111111099,119057.06666666667,47695.64444444444,34.41624641418457,14621.955555555554,10333.91111111111,1.0,96.0,59.89540421700001,6.0,60.46111111111146,12404576256.0,56.53792470829243
