Time,cpu,diskio,diskioRead,diskioWritten,mem,networkReceived,networkTransmitted,replica,requests,responsetime,totalcpuUtilization,totalmemoryUtilization
2020-08-27 01:11:57.081,4.997131071735809,0.027199999999999926,182.04444444444442,184957.15555555554,1.4921188354492188,12956.422222222222,62972.24444444444,50.0,738.0,0.425409077,37.14983699226237,7.496075024424231
2020-08-27 01:12:27.081,6.254733636003923,0.026844444444444407,182.04444444444442,190418.48888888888,1.5171051025390625,13388.466666666667,64507.46666666667,50.0,785.0,0.414974849,40.77222222222224,7.790566266658098
2020-08-27 01:12:42.081,6.254733636003923,0.02737777777777776,0.0,184684.08888888886,1.8166542053222656,13616.2,63576.688888888886,50.0,821.0,0.42291597000000003,40.77222222222224,7.790566266658098
2020-08-27 01:12:57.081,6.2471351544447575,0.008355555555555503,0.0,77915.02222222222,1.6315698623657227,11962.02222222222,22137.266666666666,50.0,869.0,0.455818201,42.66279460531219,7.912686456224778
2020-08-27 01:13:12.081,7.585396675369589,0.009866666666666567,0.0,78370.13333333333,1.4752864837646484,12655.466666666667,22654.755555555555,50.0,905.0,0.420630251,42.66279460531219,7.912686456224778
2020-08-27 01:13:27.081,9.190861335695192,0.010044444444444404,0.0,69905.06666666667,1.549220085144043,13134.71111111111,24354.155555555553,50.0,942.0,0.41993148,45.45016765059541,7.75551242663159
2020-08-27 01:13:42.081,6.554692533084418,0.010488888888888917,0.0,148002.13333333333,1.6070127487182617,13530.822222222221,24158.333333333332,50.0,974.0,0.433477393,45.45016765059541,7.75551242663159
2020-08-27 01:13:57.081,12.527266081732174,0.009331674369001104,0.0,136327.05296836118,1.8051385879516602,13658.660682545325,24437.65552790615,50.0,1004.0,0.427378235,48.27609374112679,7.87602522819435
2020-08-27 01:14:27.081,17.111418447136572,0.008444444444444501,0.0,134348.8,2.0789623260498047,15639.977777777776,25326.155555555553,50.0,1032.0,0.445270834,48.27609374112679,7.87602522819435
2020-08-27 01:14:42.081,17.11141844713657,0.006488888888888923,0.0,56069.688888888886,2.091503143310547,15764.977777777776,25834.933333333334,50.0,1061.0,0.465938104,51.36834917319146,7.870001617395799
2020-08-27 01:14:57.081,18.11550851677419,0.00746799431009954,5917.496443812234,78930.2987197724,2.0182132720947266,17612.33108108108,28691.745199146513,50.0,1092.0,0.41107332,51.36834917319146,7.870001617395799
2020-08-27 01:15:12.081,18.135310479349364,0.00684444444444444,5916.444444444443,81282.84444444443,2.2487640380859375,16418.82222222222,28529.91111111111,50.0,1113.0,0.423537842,54.122101377693475,7.958764622333163
2020-08-27 01:15:27.081,20.204084386691783,0.006577777777777764,5916.444444444443,80554.66666666667,2.139759063720703,16810.42222222222,27746.62222222222,50.0,1132.0,0.441149592,54.122101377693475,7.958764622333163
2020-08-27 01:15:42.081,21.20521757872212,0.005511111111111215,0.0,57708.08888888888,2.081751823425293,15538.977777777776,25553.888888888887,50.0,1154.0,0.430623816,56.438888888888826,7.9200413980391415
2020-08-27 01:15:57.081,24.252925570769627,0.00604444444444441,0.0,62987.37777777777,2.355074882507324,15617.644444444444,24544.28888888889,50.0,1174.0,0.42897047600000004,56.438888888888826,7.9200413980391415
2020-08-27 01:16:12.081,20.123343256624807,0.006399999999999926,0.0,58709.333333333336,2.477240562438965,15804.688888888888,25966.266666666666,50.0,1194.0,0.45116715,57.248056582327344,8.15442643269509
2020-08-27 01:16:27.081,22.991103560345667,0.00604444444444441,0.0,65262.933333333334,2.507901191711426,16007.133333333333,24912.44444444444,50.0,1213.0,0.54338865,57.248056582327344,8.15442643269509
2020-08-27 01:16:42.081,25.566264511432855,0.005422222222222217,0.0,56797.86666666667,2.4945735931396484,16246.777777777777,26728.177777777775,50.0,1233.0,0.499712042,59.78333333333337,8.170930480383431
2020-08-27 01:16:57.081,29.41350274532021,0.005422222222222374,0.0,55796.62222222222,2.3441314697265625,16489.6,26573.866666666665,50.0,1249.0,0.458901039,59.78333333333337,8.170930480383431
2020-08-27 01:17:12.081,23.55692422397066,0.005422222222222217,0.0,46057.24444444444,2.36053466796875,16514.0,27928.688888888886,50.0,1259.0,0.459677139,61.32037037037037,8.236118602635356
2020-08-27 01:17:27.081,32.074272274754904,0.005777777777777891,0.0,42780.444444444445,2.5065183639526367,16587.42222222222,26170.511111111107,50.0,1267.0,0.44884034300000003,61.32037037037037,8.236118602635356
2020-08-27 01:17:42.081,32.475212317622855,0.005688888888888736,0.0,42143.288888888885,2.41396427154541,16502.644444444442,26580.644444444442,50.0,1277.0,0.46863292,62.23142390818559,8.328283096547207
2020-08-27 01:17:57.081,36.76165810956601,0.005777777777777733,0.0,42689.422222222216,2.362394332885742,16639.755555555555,25356.511111111107,50.0,1287.0,0.45334680200000005,62.23142390818559,8.328283096547207
2020-08-27 01:18:12.081,37.597995030527734,0.005422222222222217,0.0,42234.31111111111,1.9563674926757812,16726.555555555555,26814.888888888887,50.0,1291.0,0.471939166,62.84448238598811,8.247069897101197
2020-08-27 01:18:27.081,34.762660713417624,0.005066666666666701,0.0,40504.88888888888,2.0044326782226562,16804.577777777777,25502.866666666665,50.0,1297.0,0.602764851,62.84448238598811,8.247069897101197
2020-08-27 01:18:42.081,39.53209624081431,0.004799893335703675,0.0,40868.069598453374,2.6407241821289062,16770.271771738408,26802.13773027266,50.0,1300.0,0.47856109199999997,63.709282015955225,8.12362646417164
2020-08-27 01:18:57.081,35.425651753785715,0.00524444444444438,0.0,54704.35555555555,2.4996042251586914,16943.533333333333,25697.733333333334,50.0,1307.0,0.522405258,63.709282015955225,8.12362646417164
2020-08-27 01:19:12.081,18.146613140882938,0.005777520999066823,0.0,54337.85165103774,2.8496265411376953,17031.487489444917,27249.30003110973,50.0,1307.0,0.7517127779999999,64.01666666666664,8.220328962139652
2020-08-27 01:19:27.081,44.78468141643657,0.005422342718727077,0.0,53613.28029511766,3.0373096466064453,18418.987088601967,26994.333207404605,50.0,1305.0,0.47430769500000003,64.01666666666664,8.220328962139652
2020-08-27 01:19:42.081,20.113103478397722,0.00515555555555554,0.0,39139.55555555555,2.448439598083496,18232.644444444442,28399.955555555553,50.0,1303.0,1.000295676,64.11967640349758,8.15370393199732
2020-08-27 01:19:57.081,41.79726315833074,0.005422463220587577,0.0,44420.81870305347,2.820158004760742,19821.392061869417,30769.85643806391,50.0,1299.0,0.61243331,64.11967640349758,8.15370393199732
2020-08-27 01:20:12.081,48.885426050014495,0.005866666666666731,0.0,44873.95555555555,3.056645393371582,18523.511111111107,31620.933333333334,50.0,1300.0,0.515121354,64.01152421618008,8.123058203432858
2020-08-27 01:20:27.081,49.76928455816794,0.0056888888888888935,0.0,47422.57777777778,2.8704404830932617,18501.777777777774,29895.511111111107,50.0,1301.0,0.49803500900000003,64.01152421618008,8.123058203432858
2020-08-27 01:20:42.081,40.956698881805195,0.005511111111111056,0.0,41688.177777777775,2.970743179321289,16850.933333333334,27387.533333333333,50.0,1303.0,0.506316642,64.05,8.473531676421535
2020-08-27 01:20:57.081,45.71304103906151,0.005777777777777733,0.0,42871.46666666667,2.9056310653686523,16899.71111111111,25490.511111111107,50.0,1306.0,0.7062322430000001,64.05,8.473531676421535
2020-08-27 01:21:12.081,45.15465105311387,0.006133333333333407,0.0,39685.688888888886,3.2403945922851562,17029.733333333334,27081.555555555555,50.0,1312.0,0.512815994,64.38334403268404,8.346256511448177
2020-08-27 01:21:27.081,50.61726748674995,0.005777777777777733,0.0,41961.24444444444,3.3191919326782227,17241.17777777778,25927.888888888887,50.0,1318.0,0.44703146099999996,64.38334403268404,8.346256511448177
2020-08-27 01:21:42.081,48.22807180187146,0.00497777777777786,0.0,40322.84444444444,3.3221960067749023,17293.2,27397.2,50.0,1326.0,1.139262028,65.4018518518518,8.305950274473183
2020-08-27 01:21:57.081,56.2327822676361,0.004799999999999865,0.0,43144.53333333333,2.8336286544799805,17351.755555555555,26734.4,50.0,1329.0,0.606951289,65.4018518518518,8.305950274473183
2020-08-27 01:22:12.081,45.764357920768575,0.004533333333333347,0.0,41415.11111111111,2.838301658630371,17217.28888888889,27961.844444444443,50.0,1333.0,0.47932975699999997,65.86297333310293,8.344876438653719
2020-08-27 01:22:27.081,54.54174030601845,0.004977777777777703,0.0,43235.55555555555,3.280520439147949,17215.333333333332,26637.533333333333,50.0,1335.0,0.517531794,65.86297333310293,8.344876438653719
2020-08-27 01:22:42.081,50.66957120370309,0.0048888888888890215,0.0,40686.933333333334,3.768157958984375,17078.6,27187.955555555553,50.0,1331.0,0.5996377589999999,65.98148148148152,8.472151602110644
2020-08-27 01:22:57.081,57.554591070211444,0.005422222222222217,0.0,41870.22222222222,3.5802602767944336,17241.11111111111,26788.28888888889,50.0,1334.0,0.500476891,65.98148148148152,8.472151602110644
2020-08-27 01:23:12.081,49.0090217399748,0.005777649385569166,0.0,40412.96860069777,3.104066848754883,17323.103931023757,28500.32221506189,50.0,1333.0,1.5123334,66.17592592592591,8.579196531276212
2020-08-27 01:23:27.081,48.93567910476141,0.005511111111111056,0.0,43326.57777777778,3.7282466888427734,17477.222222222223,27208.844444444443,50.0,1333.0,1.631486711,66.17592592592591,8.579196531276212
2020-08-27 01:23:42.081,45.9132397527752,0.005422222222222217,0.0,42325.333333333336,3.9990663528442383,17384.11111111111,27760.24444444444,50.0,1333.0,0.585528105,66.27406670765525,8.56243271547581
2020-08-27 01:23:57.081,59.23750939187639,0.004533434076312821,0.0,46058.26796151025,3.9409399032592773,17312.318051512255,26003.93342074268,50.0,1332.0,0.7685212880000001,66.27406670765525,8.56243271547581
2020-08-27 01:24:12.081,44.53717505482531,0.005688762471945074,0.0,46056.22097286727,3.851008415222168,17138.863580809317,27288.90469100687,50.0,1330.0,1.313536186,66.19187130084373,8.834201465366291
2020-08-27 01:24:27.081,56.791104508348354,0.005777777777777733,0.0,46876.444444444445,3.7482500076293945,18447.866666666665,27228.177777777775,50.0,1328.0,0.728377624,66.19187130084373,8.834201465366291
2020-08-27 01:24:42.081,40.60284721867662,0.006488888888888923,0.0,43053.51111111111,3.6481618881225586,18322.844444444443,28395.711111111108,50.0,1329.0,0.5384086,66.13518518518514,8.642704232328487
2020-08-27 01:24:57.081,53.38355078535047,0.005422342718727077,0.0,43964.71032689615,3.7405967712402344,19933.665192559834,30425.520567123713,50.0,1326.0,0.46773232000000003,66.13518518518514,8.642704232328487
2020-08-27 01:25:12.081,26.894456737005118,0.005600000000000054,0.0,44145.777777777774,4.4593095779418945,18678.377777777776,30814.177777777775,50.0,1320.0,0.486431194,66.11965821462692,8.560281421104794
2020-08-27 01:25:27.081,56.460714604277165,0.005422222222222217,0.0,45693.15555555555,4.041171073913574,18802.31111111111,29594.511111111107,50.0,1318.0,0.5673582699999999,66.11965821462692,8.560281421104794
2020-08-27 01:25:42.081,41.390582434284525,0.005866666666666731,0.0,41233.066666666666,4.185342788696289,17230.133333333335,27643.24444444444,50.0,1313.0,0.758451436,65.95184600810052,8.54871317076709
2020-08-27 01:25:57.081,57.661322490738264,0.006222222222222248,0.0,43144.53333333333,4.304289817810059,17261.666666666668,26680.711111111108,50.0,1312.0,0.711035655,65.95184600810052,8.54871317076709
2020-08-27 01:26:12.081,44.11691699811763,0.006222222222222248,0.0,40777.95555555555,4.813861846923828,17076.577777777777,27829.977777777774,50.0,1315.0,0.521244072,66.07221843612983,8.927242733755051
2020-08-27 01:26:27.081,56.87993680326161,0.006666666666666603,0.0,43599.64444444444,4.769992828369141,17088.688888888886,26524.755555555555,50.0,1311.0,0.574581185,66.07221843612983,8.927242733755051
2020-08-27 01:26:42.081,42.02787293590264,0.005511111111111056,0.0,39412.62222222222,4.628109931945801,16899.777777777777,26864.333333333332,50.0,1315.0,0.567600657,66.47406930030549,8.835565321976494
2020-08-27 01:26:57.081,53.834881245494905,0.005866666666666573,0.0,42780.444444444445,4.526400566101074,17055.333333333332,26267.222222222223,50.0,1315.0,0.5435839690000001,66.47406930030549,8.835565321976494
2020-08-27 01:27:12.081,33.634867817294115,0.0046222222222221864,0.0,40140.8,4.8651933670043945,16997.466666666667,27388.42222222222,50.0,1313.0,1.828573381,66.41481481481493,8.980229411244324
2020-08-27 01:27:27.081,56.83814751491065,0.004711111111111184,0.0,43417.6,4.975414276123047,16911.866666666665,26017.888888888887,50.0,1310.0,1.057017566,66.41481481481493,8.980229411244324
2020-08-27 01:27:42.081,45.16837538746382,0.00426666666666667,0.0,40231.82222222222,4.841041564941406,16857.377777777776,26729.977777777774,50.0,1306.0,0.505652439,66.13519362121168,8.846459779207173
2020-08-27 01:27:57.081,60.919762580852556,0.00435555555555551,0.0,42143.288888888885,4.785394668579102,17045.62222222222,25636.31111111111,50.0,1306.0,1.486855672,66.13519362121168,8.846459779207173
2020-08-27 01:28:12.081,49.92492612347508,0.005243745278407259,0.0,40135.44860685242,4.839849472045898,17123.294671821535,27061.591787761634,50.0,1306.0,2.682609066,65.91851851851857,8.99957475597762
2020-08-27 01:28:27.081,56.40399451826511,0.005066666666666701,0.0,42234.31111111111,5.421209335327148,17167.71111111111,25841.733333333334,50.0,1312.0,1.0868177909999999,65.91851851851857,8.99957475597762
2020-08-27 01:28:42.081,52.290782786067616,0.0056888888888888935,0.0,41233.066666666666,4.890275001525879,16901.555555555555,26856.91111111111,50.0,1310.0,0.45490323899999996,66.22221617270509,8.82698452183401
2020-08-27 01:28:57.081,60.08035825446222,0.005422945281593096,0.0,45881.3175090012,4.617047309875488,17021.958483353337,26305.66297728586,50.0,1309.0,0.799373608,66.22221617270509,8.82698452183401
2020-08-27 01:29:12.081,53.639814486903184,0.005955555555555571,0.0,44509.86666666667,3.9977073669433594,16961.48888888889,27615.533333333333,50.0,1308.0,1.19992345,66.16980943024772,8.88440366183353
2020-08-27 01:29:27.081,61.32125381035828,0.0056888888888888935,0.0,44145.777777777774,4.632091522216797,18433.466666666667,27748.48888888889,50.0,1306.0,5.160053933,66.16980943024772,8.88440366183353
2020-08-27 01:29:42.081,56.380804751966366,0.005866666666666731,0.0,39867.73333333333,4.955816268920898,18296.6,28342.133333333335,50.0,1308.0,5.160053933,66.10555555555554,9.09825808521008
2020-08-27 01:29:57.081,59.00700777602799,0.006222222222222248,0.0,44600.88888888888,5.332636833190918,19883.577777777777,30276.333333333332,50.0,1312.0,5.160053933,66.10555555555554,9.09825808521008
2020-08-27 01:30:12.081,55.06653976438406,0.006220425210494772,0.0,45861.950991935664,4.994559288024902,18556.705840534956,30770.644036167327,50.0,1309.0,5.160053933,66.1592701643667,8.905502541874759
2020-08-27 01:30:27.081,55.837708156968326,0.005777777777777733,0.0,49789.15555555555,4.385066032409668,18596.62222222222,29505.088888888888,50.0,1306.0,5.160053933,66.1592701643667,8.905502541874759
2020-08-27 01:30:42.081,42.512343088315745,0.00524444444444438,0.0,47877.688888888886,4.650568962097168,16990.4,27342.511111111107,50.0,1308.0,5.160053933,66.21482358005211,9.186883103579639
2020-08-27 01:30:57.081,61.122465761944255,0.0055127036699492,0.0,52170.8048991931,4.924488067626953,16941.649809945095,25632.360459688356,50.0,1302.0,5.160053933,66.21482358005211,9.186883103579639
2020-08-27 01:31:12.081,48.35512595315702,0.005422222222222217,0.0,46876.444444444445,5.208921432495117,16806.28888888889,26646.91111111111,50.0,1304.0,5.160053933,65.99074325175424,8.95434089285492
2020-08-27 01:31:27.081,55.780584540760394,0.0053333333333333765,0.0,46330.31111111111,5.322790145874023,16853.8,25488.222222222223,50.0,1312.0,5.160053933,65.99074325175424,8.95434089285492
2020-08-27 01:31:42.081,52.100800953101036,0.004711111111111026,0.0,39321.6,4.763603210449219,16835.2,26918.177777777775,50.0,1307.0,5.160053933,66.27407407407412,9.00602052989729
2020-08-27 01:31:57.081,53.52346074101709,0.00497777777777786,0.0,42780.444444444445,5.543017387390137,17091.17777777778,27316.866666666665,50.0,1313.0,5.160053933,66.27407407407412,9.00602052989729
2020-08-27 01:32:12.081,48.14692205322273,0.004888671614594883,0.0,39228.83427403227,5.367612838745117,17138.26052175459,28580.99640016,50.0,1314.0,5.160053933,66.83148629618933,8.906915084584703
2020-08-27 01:32:27.081,60.86649981846093,0.00497777777777786,0.0,41597.15555555555,4.824018478393555,17295.8,27586.04444444444,50.0,1312.0,5.433293904,66.83148629618933,8.906915084584703
2020-08-27 01:32:42.081,46.836653650531495,0.0053333333333332195,0.0,38047.288888888885,5.971407890319824,17219.466666666667,27371.177777777775,50.0,1317.0,5.433293904,66.98147353891818,8.999428655912311
2020-08-27 01:32:57.081,59.19144784146453,0.0055113560602694485,0.0,41599.00440019556,5.835127830505371,17173.207698119917,26216.27627894573,50.0,1318.0,5.433293904,66.98147353891818,8.999428655912311
2020-08-27 01:33:12.081,41.166670386061504,0.005511111111111056,0.0,39776.71111111111,5.915927886962891,17097.933333333334,26874.755555555555,50.0,1318.0,5.433293904,67.14116108878542,9.11525732031044
2020-08-27 01:33:27.081,57.053482729412494,0.0048888888888890215,0.0,42871.46666666667,5.953574180603027,16974.0,25542.866666666665,50.0,1317.0,5.433293904,67.14116108878542,9.11525732031044
2020-08-27 01:33:42.081,48.69139932770809,0.004711111111111026,0.0,42507.37777777777,5.45201301574707,16957.866666666665,26696.577777777777,50.0,1319.0,5.433293904,66.97407407407412,9.145115559863877
2020-08-27 01:33:57.081,59.22032432104586,0.0053333333333333765,0.0,46603.37777777777,5.047821998596191,16995.666666666668,25795.4,50.0,1314.0,5.433293904,66.97407407407412,9.145115559863877
2020-08-27 01:34:12.081,57.611136975459665,0.005422222222222217,0.0,46512.35555555555,4.726958274841309,17067.28888888889,27036.28888888889,50.0,1316.0,5.433293904,67.12407407407412,9.295730213930876
2020-08-27 01:34:27.081,58.344983712727725,0.005422222222222217,0.0,44964.97777777778,5.247020721435547,18383.355555555554,27238.04444444444,50.0,1313.0,5.433293904,67.12407407407412,9.295730213930876
2020-08-27 01:34:42.081,54.753319475353614,0.005421740289752018,0.0,43231.71273664563,5.15596866607666,18439.11652297574,28277.597546884725,50.0,1317.0,5.433293904,67.4333333333333,9.12945583654744
2020-08-27 01:34:57.081,60.33678127261752,0.005866666666666573,0.0,44327.82222222222,5.117368698120117,20111.511111111107,31215.022222222222,50.0,1311.0,5.433293904,67.4333333333333,9.12945583654744
2020-08-27 01:35:12.081,43.786151109102796,0.006222222222222248,0.0,45875.2,5.866479873657227,18819.688888888886,31419.466666666667,50.0,1309.0,5.433293904,67.24445378580066,9.131891257919866
2020-08-27 01:35:27.081,59.037626697769255,0.005956084985332045,0.0,50066.672593119394,5.838465690612793,18668.25940083563,30487.93226064539,50.0,1316.0,5.433293904,67.24445378580066,9.131891257919866
2020-08-27 01:35:42.081,45.489703447386844,0.00515555555555554,0.0,47331.55555555555,5.554032325744629,16938.42222222222,27568.31111111111,50.0,1302.0,5.433293904,67.18233192744707,9.09402856077335
2020-08-27 01:35:57.081,59.74028351251387,0.004533333333333347,0.0,46785.422222222216,5.834674835205078,16933.022222222222,26051.844444444443,50.0,1308.0,5.433293904,67.18233192744707,9.09402856077335
2020-08-27 01:36:12.081,40.85347008142654,0.004888888888888863,0.0,42780.444444444445,5.701231956481934,16937.244444444445,26943.555555555555,50.0,1308.0,5.433293904,67.32777201633287,9.06727949399851
2020-08-27 01:36:27.081,59.99439325875303,0.005866666666666731,0.0,43963.73333333333,5.686783790588379,17024.71111111111,25908.977777777774,50.0,1306.0,5.433293904,67.32777201633287,9.06727949399851
2020-08-27 01:36:42.081,45.72557804292459,0.007022222222222278,0.0,42325.333333333336,5.646729469299316,16899.244444444445,26998.0,50.0,1314.0,5.433293904,67.3611111111111,9.260375996196672
2020-08-27 01:36:57.081,55.136040551700674,0.00702222222222212,0.0,44873.95555555555,5.870842933654785,17104.977777777778,26611.977777777774,50.0,1311.0,5.433293904,67.3611111111111,9.260375996196672
2020-08-27 01:37:12.081,46.12778596957794,0.0067555555555556005,0.0,42598.4,5.780458450317383,17074.0,27804.688888888886,50.0,1312.0,5.433293904,67.41851119325291,9.155092703325481
2020-08-27 01:37:27.081,57.55648069446833,0.006399999999999926,0.0,43417.6,5.991888046264648,17138.8,26458.888888888887,50.0,1308.0,1.744880355,67.41851119325291,9.155092703325481
2020-08-27 01:37:42.081,49.162217360356834,0.006577777777777764,0.0,38138.31111111111,5.904436111450195,16930.355555555554,27021.155555555553,50.0,1307.0,1.487796192,67.43333333333341,9.253946481441284
2020-08-27 01:37:57.081,55.06550234681909,0.006311111111111087,0.0,40960.0,5.083203315734863,17048.133333333335,26462.688888888886,50.0,1314.0,2.377720783,67.43333333333341,9.253946481441284
2020-08-27 01:38:12.081,39.436086739557695,0.0056888888888888935,0.0,39139.55555555555,4.836130142211914,17061.355555555554,27806.8,50.0,1312.0,0.827823087,67.38327153769438,9.351265974437496
2020-08-27 01:38:27.081,55.83815663248496,0.005244444444444538,0.0,41324.08888888888,5.142927169799805,17078.155555555553,26410.577777777777,50.0,1313.0,0.947296926,67.38327153769438,9.351265974437496
2020-08-27 01:38:42.081,40.86501719048955,0.005511111111111056,0.0,42416.35555555555,5.393862724304199,16868.355555555554,26893.8,50.0,1314.0,1.5389686919999999,67.45555555555566,9.148492698968514
2020-08-27 01:38:57.081,59.4942148841046,0.006311111111111087,0.0,46603.37777777777,6.0646772384643555,16970.688888888886,25703.022222222222,50.0,1314.0,1.52163026,67.45555555555566,9.148492698968514
2020-08-27 01:39:12.081,46.07935319314314,0.00613333333333325,0.0,46057.24444444444,5.698752403259277,16942.333333333332,26972.533333333333,50.0,1317.0,0.666058892,67.60740740740735,8.982023501560327
2020-08-27 01:39:27.081,59.69126745695331,0.005422222222222217,0.0,43053.51111111111,5.970501899719238,18352.866666666665,26789.755555555555,50.0,1312.0,1.750760268,67.60740740740735,8.982023501560327
2020-08-27 01:39:42.081,48.51016878039272,0.004799893335703675,0.0,40503.98880024888,6.016206741333008,18174.507233172597,28189.12913046377,50.0,1307.0,1.108493217,67.41666666666676,9.17880562536713
2020-08-27 01:39:57.081,60.8151101856801,0.0048888888888890215,0.0,41779.2,5.144691467285156,19832.11111111111,29236.755555555555,50.0,1308.0,2.9660858400000003,67.41666666666676,9.17880562536713
2020-08-27 01:40:12.081,52.60332519478047,0.005066666666666701,0.0,48332.8,5.833196640014648,18444.4,30874.533333333333,50.0,1300.0,0.512020294,67.2537115224599,9.241647616119456
2020-08-27 01:40:27.081,61.35705074497832,0.0055112335829684556,0.0,49790.26200582235,5.737090110778809,18487.944176537258,29445.34322984955,50.0,1305.0,2.021920731,67.2537115224599,9.241647616119456
2020-08-27 01:40:42.081,51.175964007168616,0.0056888888888888935,0.0,48605.86666666667,5.165743827819824,16796.42222222222,28471.8,50.0,1310.0,1.563213861,67.4807692845849,9.01938287336243
2020-08-27 01:40:57.081,59.28885903125393,0.005422222222222217,0.0,41870.22222222222,5.003714561462402,16907.62222222222,26253.62222222222,50.0,1305.0,0.7236495089999999,67.4807692845849,9.01938287336243
2020-08-27 01:41:12.081,48.16797011214718,0.005244444444444538,0.0,40140.8,5.368638038635254,16920.11111111111,27673.066666666666,50.0,1312.0,0.782115702,67.49814497935346,8.769200070412959
2020-08-27 01:41:27.081,60.1073222708169,0.00515555555555554,0.0,40413.86666666667,5.320143699645996,17022.266666666666,26166.533333333333,50.0,1309.0,0.464018667,67.49814497935346,8.769200070412959
2020-08-27 01:41:42.081,52.198765028834906,0.005511111111111056,0.0,39685.688888888886,5.808758735656738,16909.0,27069.44444444444,50.0,1307.0,2.331503825,67.41852353898304,9.077061773435148
2020-08-27 01:41:57.081,56.002588297905355,0.0056888888888888935,0.0,41324.08888888888,5.749797821044922,16913.82222222222,25553.177777777775,50.0,1308.0,1.4396034469999999,67.41852353898304,9.077061773435148
2020-08-27 01:42:12.081,48.75058693348947,0.005066441491489144,0.0,40685.12510555087,5.49778938293457,16929.269810230657,27678.48095640194,50.0,1312.0,0.8356427609999999,67.40926407396707,9.05975404696352
2020-08-27 01:42:27.081,60.78845392462255,0.005866666666666731,0.0,43690.666666666664,5.1209211349487305,17072.044444444444,26503.755555555555,50.0,1316.0,2.658354117,67.40926407396707,9.05975404696352
2020-08-27 01:42:42.081,34.08568260678859,0.005422222222222217,0.0,41324.08888888888,5.314469337463379,17092.977777777778,28114.82222222222,50.0,1313.0,1.000284428,67.5703672427288,9.148135510732232
2020-08-27 01:42:57.081,59.71363868560119,0.00604471309836005,0.0,43510.556024712205,5.260038375854492,16996.799857771457,25998.799946664298,50.0,1312.0,1.65166752,67.5703672427288,9.148135510732232
2020-08-27 01:43:12.081,41.83780178435992,0.005511111111111056,0.0,40231.82222222222,4.7827959060668945,16891.71111111111,27116.866666666665,50.0,1308.0,1.043715193,67.36709541000187,8.967581421910587
2020-08-27 01:43:27.081,58.85863304167685,0.005599999999999896,0.0,41688.177777777775,4.990482330322266,16891.333333333332,25395.755555555555,50.0,1305.0,1.819325493,67.36709541000187,8.967581421910587
2020-08-27 01:43:42.081,57.23699444717424,0.005511111111111056,0.0,41051.022222222215,5.174469947814941,16897.222222222223,27194.666666666668,50.0,1304.0,0.971031876,67.27778238672897,9.150806349253534
2020-08-27 01:43:57.081,60.889162669408215,0.005422222222222217,0.0,45693.15555555555,5.832624435424805,17157.62222222222,26647.28888888889,50.0,1308.0,2.42592435,67.27778238672897,9.150806349253534
2020-08-27 01:44:12.081,52.47746734099671,0.005687751338621169,0.0,44136.950387700235,5.751276016235352,17074.27403408207,28067.342087138128,50.0,1304.0,0.5194875560000001,67.27777777777773,9.083036682335006
2020-08-27 01:44:27.081,61.407460259541324,0.005511111111111056,0.0,41870.22222222222,5.941367149353027,18398.177777777775,27539.44444444444,50.0,1304.0,2.453376591,67.27777777777773,9.083036682335006
2020-08-27 01:44:42.081,53.03839428406902,0.005955555555555571,0.0,38866.48888888888,6.149840354919434,18088.222222222223,28074.4,50.0,1309.0,0.883800343,67.37963547312128,9.148184241785144
2020-08-27 01:44:57.081,61.93820002142939,0.005423306883598937,0.0,40512.99148718633,5.792832374572754,19718.810428752422,29098.530817274568,50.0,1304.0,1.379898173,67.37963547312128,9.148184241785144
2020-08-27 01:45:12.081,47.95067429220901,0.006488888888888923,0.0,46694.4,5.314350128173828,18386.8,30293.577777777777,50.0,1306.0,2.194101898,67.24543760603974,9.065826375265962
2020-08-27 01:45:27.081,58.69008876343097,0.00604444444444441,0.0,46876.444444444445,5.457830429077148,18481.866666666665,29189.022222222222,50.0,1308.0,1.4123980200000001,67.24543760603974,9.065826375265962
2020-08-27 01:45:42.081,48.75312136701112,0.006933333333333438,0.0,46239.288888888885,5.169320106506348,16968.91111111111,28360.82222222222,50.0,1306.0,0.5588913240000001,67.38888888888886,9.077345902419587
2020-08-27 01:45:57.081,60.71846339962278,0.006222222222222248,0.0,42689.422222222216,5.043506622314453,17061.28888888889,26267.6,50.0,1304.0,0.641310172,67.38888888888886,9.077345902419587
2020-08-27 01:46:12.081,55.29269094523984,0.006666518521810721,0.0,44599.89778004934,5.270957946777344,17039.57689829115,27284.92700162219,50.0,1307.0,1.6395992080000001,67.53703164597074,9.123391627966388
2020-08-27 01:46:27.081,61.47355389710195,0.005599999999999896,0.0,44418.84444444444,5.832004547119141,16964.222222222223,26031.888888888887,50.0,1309.0,0.886041528,67.53703164597074,9.123391627966388
2020-08-27 01:46:42.081,46.30096683148711,0.005511111111111056,0.0,41961.24444444444,5.606794357299805,16871.088888888888,26986.82222222222,50.0,1311.0,1.453871494,67.3925878599772,8.984337160089833
2020-08-27 01:46:57.081,60.6218501420296,0.005155670126002784,0.0,44328.80730682904,5.308818817138672,16951.44336540812,26646.41436476366,50.0,1313.0,1.230044864,67.3925878599772,8.984337160089833
2020-08-27 01:47:12.081,42.650258916812575,0.005155326429936591,0.0,44143.81583040754,5.63662052154541,16966.601484378472,28330.051997688995,50.0,1307.0,1.901628052,67.40113163008552,9.01641974551987
2020-08-27 01:47:27.081,61.88173583763902,0.007288888888888954,0.0,46512.35555555555,6.250596046447754,16984.044444444444,27208.155555555553,50.0,1303.0,0.856172213,67.40113163008552,9.01641974551987
2020-08-27 01:47:42.081,50.81071907789752,0.0067555555555556005,0.0,40686.933333333334,6.0837507247924805,16799.866666666665,27392.955555555553,50.0,1305.0,0.645618922,67.33333333333326,8.84929299180011
2020-08-27 01:47:57.081,62.72926735265,0.007555891372949827,0.0,42418.24081070269,5.509686470031738,16943.908618160807,25876.305613582826,50.0,1303.0,0.942598609,67.33333333333326,8.84929299180011
2020-08-27 01:48:12.081,53.204259565252244,0.005687751338621169,0.0,41406.829745162075,5.101728439331055,16958.80823835233,26919.99377902197,50.0,1305.0,1.5922384669999998,67.40041907223953,9.002878840456814
2020-08-27 01:48:27.081,59.448303506923985,0.005866666666666573,0.0,43235.55555555555,5.2893877029418945,17045.088888888888,25969.6,50.0,1313.0,1.253552578,67.40041907223953,9.002878840456814
2020-08-27 01:48:42.081,41.98662172013101,0.005777777777777733,0.0,42507.37777777777,5.595898628234863,16869.6,26641.222222222223,50.0,1304.0,1.364775627,67.47037037037038,8.938526830013068
2020-08-27 01:48:57.081,62.70452361032456,0.005423306883598937,0.0,48797.670645240156,6.023240089416504,16883.087728656843,25716.56553532929,50.0,1313.0,2.295412534,67.47037037037038,8.938526830013068
2020-08-27 01:49:12.081,35.69153578010111,0.0053333333333333765,0.0,47604.62222222222,5.975437164306641,16837.066666666666,26680.0,50.0,1315.0,1.5673729920000001,67.52321982915119,9.131704540494875
2020-08-27 01:49:27.081,58.78201734263177,0.00515555555555554,0.0,48241.777777777774,5.983591079711914,18223.866666666665,27043.8,50.0,1311.0,2.227645864,67.52321982915119,9.131704540494875
2020-08-27 01:49:42.081,50.27492699429924,0.004711111111111026,0.0,40049.777777777774,6.040477752685547,18184.755555555555,28043.42222222222,50.0,1309.0,0.9238066810000001,67.4296296296296,9.257039473123108
2020-08-27 01:49:57.081,59.996972136098734,0.004888888888888863,0.0,43690.666666666664,6.325769424438477,19891.688888888886,30137.466666666667,50.0,1302.0,1.191817297,67.4296296296296,9.257039473123108
2020-08-27 01:50:12.081,51.881536614604705,0.004799893335703675,0.0,44508.877580498214,5.977869033813477,18491.077976044977,31124.041687962494,50.0,1299.0,1.273930461,67.37407407407412,9.08611341314631
2020-08-27 01:50:27.081,59.37912306752643,0.005244444444444538,0.0,45147.022222222215,5.528354644775391,18585.066666666666,30218.62222222222,50.0,1301.0,1.668166538,67.37407407407412,9.08611341314631
2020-08-27 01:50:42.081,49.84907570831636,0.005600000000000054,0.0,41961.24444444444,5.525851249694824,16870.4,28206.62222222222,50.0,1304.0,1.231146107,67.38889522619652,9.11728685180096
2020-08-27 01:50:57.081,56.62978850485159,0.00568901531145137,0.0,41051.93448743305,5.209898948669434,16975.06611258028,25961.44358763528,50.0,1303.0,2.896557065,67.38889522619652,9.11728685180096
2020-08-27 01:51:12.081,31.168537568320513,0.00524444444444438,0.0,41324.08888888888,4.6619415283203125,16757.777777777777,26683.8,50.0,1304.0,1.276692826,67.34928722695905,8.95186484459125
2020-08-27 01:51:27.081,59.670640475283264,0.005066666666666542,0.0,43872.71111111111,5.251765251159668,16813.666666666668,25365.466666666667,50.0,1301.0,1.0515279009999998,67.34928722695905,8.95186484459125
2020-08-27 01:51:42.081,46.10300130757929,0.005244444444444538,0.0,44691.911111111105,5.745720863342285,16758.933333333334,26610.2,50.0,1300.0,0.907350181,67.18333333333328,9.143719306698246
2020-08-27 01:51:57.081,59.57589026578193,0.005422222222222217,0.0,45329.066666666666,5.802559852600098,16927.17777777778,25657.82222222222,50.0,1308.0,1.7153855519999999,67.18333333333328,9.143719306698246
2020-08-27 01:52:12.081,53.07212076900474,0.0056888888888888935,0.0,45693.15555555555,5.502891540527344,16882.62222222222,27569.666666666668,50.0,1307.0,0.823602763,67.44258942379801,9.270280042007322
2020-08-27 01:52:27.081,61.0909580690678,0.00515555555555554,0.0,45966.22222222222,5.040073394775391,17062.82222222222,26496.48888888889,50.0,1308.0,2.091152545,67.44258942379801,9.270280042007322
2020-08-27 01:52:42.081,47.099144555732224,0.005422222222222217,0.0,44236.8,4.975295066833496,17024.577777777777,27517.24444444444,50.0,1310.0,5.60241803,67.37407407407417,9.271132432216907
2020-08-27 01:52:57.081,56.73041848145769,0.005066666666666701,0.0,43144.53333333333,4.90717887878418,17175.355555555554,26540.022222222222,50.0,1299.0,5.60241803,67.37407407407417,9.271132432216907
2020-08-27 01:53:12.081,50.27492024695466,0.0053333333333332195,0.0,41961.24444444444,5.52675724029541,15878.177777777777,26378.31111111111,50.0,1188.0,7.4807148980000004,67.49074074074085,8.972233098711069
2020-08-27 01:53:27.081,57.52019390679701,0.005422222222222217,0.0,46148.26666666667,4.953789710998535,14778.177777777777,24609.022222222222,50.0,1051.0,5.52057791,67.49074074074085,8.972233098711069
2020-08-27 01:53:42.081,48.902565250709515,0.005955555555555571,0.0,43053.51111111111,4.662680625915527,12634.4,23281.022222222222,50.0,912.0,5.512102082,67.34260218085679,9.207941263820063
2020-08-27 01:53:57.081,60.142002100723204,0.006133333333333407,0.0,47058.48888888888,5.361700057983398,11966.088888888888,21426.777777777774,50.0,780.0,5.215917565,67.34260218085679,9.207941263820063
2020-08-27 01:54:12.081,43.227781721606775,0.005244444444444538,0.0,44691.911111111105,5.635643005371094,10993.666666666666,21473.11111111111,50.0,753.0,5.215917565,67.39813744832199,9.328259218965847
2020-08-27 01:54:27.081,61.20782286088641,0.004888888888888863,0.0,48150.75555555555,5.618429183959961,12309.22222222222,21239.4,50.0,750.0,5.626630765,67.39813744832199,9.328259218965847
2020-08-27 01:54:42.081,38.15574767342337,0.004088888888888833,0.0,43235.55555555555,6.012725830078125,11992.6,22238.42222222222,50.0,754.0,5.130761494000001,67.6018518518518,9.30868652299055
2020-08-27 01:54:57.081,62.88654576411439,0.005510988644696731,0.0,45692.14017466279,6.084275245666504,13514.677451612188,23273.949467789607,50.0,751.0,5.177493821,67.6018518518518,9.30868652299055
2020-08-27 01:55:12.081,45.41300011580705,0.005066666666666701,0.0,44600.88888888888,5.5039167404174805,12253.155555555555,24700.8,50.0,785.0,6.257107711,66.72108232985767,8.863207288828011
2020-08-27 01:55:27.081,60.7460924415716,0.005777777777777891,0.0,45693.15555555555,5.588364601135254,14262.2,25269.82222222222,50.0,905.0,6.257107711,66.72108232985767,8.863207288828011
2020-08-27 01:55:42.081,47.421058688854885,0.005866797039934127,0.0,43327.540612013596,5.83653450012207,14416.787039711991,25915.93146514367,50.0,1025.0,5.539784700999999,65.15925925925933,9.3250444593402
2020-08-27 01:55:57.081,61.57003969992502,0.00702222222222212,0.0,42962.48888888888,5.669617652893066,16454.6,25964.28888888889,50.0,1142.0,6.065102543,65.15925925925933,9.3250444593402
2020-08-27 01:56:12.081,47.1752372981575,0.007911111111111148,0.0,41779.2,5.518841743469238,15203.8,26155.644444444442,50.0,1133.0,7.962917472,64.9833954307189,9.093971644770782
2020-08-27 01:56:27.081,61.425333018694275,0.006933333333333596,0.0,41688.177777777775,6.095981597900391,13584.422222222222,23249.222222222223,50.0,1011.0,7.962917472,64.9833954307189,9.093971644770782
2020-08-27 01:56:42.081,40.739167440472194,0.006488888888888923,0.0,41415.11111111111,5.656743049621582,11283.066666666668,21602.44444444444,50.0,888.0,5.1153150919999995,67.23519613132699,9.48014834825056
2020-08-27 01:56:57.081,56.42926581991395,0.005511111111110898,0.0,41779.2,5.649828910827637,10498.977777777776,19405.8,50.0,770.0,5.1153150919999995,67.23519613132699,9.48014834825056
2020-08-27 01:57:12.081,44.353267794892275,0.00613333333333325,0.0,40777.95555555555,6.201672554016113,10246.8,20317.155555555553,50.0,741.0,5.1153150919999995,67.66666666666661,9.533492201522401
2020-08-27 01:57:27.081,56.76059923753013,0.005865363252610753,0.0,42315.92979337925,6.339669227600098,9572.25061097534,18989.580093312597,50.0,636.0,7.546840787,67.66666666666661,9.533492201522401
2020-08-27 01:57:42.081,52.7335907700697,0.02151063309704237,0.0,156099.64223017267,6.339669227600098,12259.260905313216,79043.4657007622,1.0,493.0,8.939834609,67.65344096421906,9.571103336740494
2020-08-27 01:57:57.081,61.151458704071395,0.030933333333333243,0.0,250766.2222222222,6.339669227600098,13206.422222222222,99568.3111111111,1.0,312.0,21.445572069999997,67.65344096421906,9.571103336740494
2020-08-27 01:58:12.081,47.330877142597465,0.04568076786349087,0.0,389778.88375399925,10.254287719726562,15108.558478492712,149416.0371489513,1.0,149.0,40.220280958000004,64.34999415611887,8.273672611092712
2020-08-27 01:58:27.081,58.629607099995226,0.05039216121936589,0.0,402528.6733174839,10.254287719726562,14223.520785655564,148069.3225498256,1.0,96.0,26.601300225,64.34999415611887,8.273672611092712
2020-08-27 01:58:42.081,40.56246791705283,0.04594738713117663,0.0,389141.8414504088,9.935426712036133,12905.81674369001,129225.84873800213,1.0,76.0,12.023431628,44.89421643809462,8.122806349307817
2020-08-27 01:58:57.081,54.7758926143878,0.033435596460806336,0.0,302769.99688764394,9.935426712036133,11082.121737583922,81103.5969943533,1.0,100.0,19.82574531,44.89421643809462,8.122806349307817
2020-08-27 01:59:12.081,48.58894629304688,0.016089961552992506,0.0,225386.0479587528,9.746146202087402,8705.11367424495,24887.992532835524,1.0,112.0,19.77893648,35.443484192199506,8.245746428565164
2020-08-27 01:59:27.081,54.52796987277794,0.014401280113787806,0.0,195442.08374077696,9.746146202087402,9907.791803715887,24327.65134678638,1.0,113.0,22.986078731000003,35.443484192199506,8.245746428565164
2020-08-27 01:59:42.081,41.68379572010543,0.015554864228256587,0.0,182309.40847073463,9.746146202087402,9909.870672414561,24784.387360561755,1.0,110.0,28.929172655,35.046589775991485,8.238748650099426
2020-08-27 01:59:57.081,54.619649134703884,0.013155847907731253,0.0,136263.2947398831,9.96544361114502,10490.410898019956,23538.67863730305,1.0,110.0,21.921267642,35.046589775991485,8.238748650099426
2020-08-27 02:00:12.081,42.120105209511124,0.00951195661836633,0.0,86296.73748777669,9.86340045928955,7893.990576940172,21613.543426082317,1.0,132.0,6.319884531,34.64688395884821,7.997820494247581
2020-08-27 02:00:27.081,55.22685095753218,0.006222498777723479,0.0,54433.70816480732,9.86340045928955,8750.233343704165,20958.13147250989,1.0,250.0,5.159565286,34.64688395884821,7.997820494247581
2020-08-27 02:00:42.081,41.27124782344411,0.005422704240376917,0.0,50157.702906925064,10.399842262268066,7896.968619432839,20354.85376477909,1.0,364.0,5.200345481,33.77480665622166,7.997162930122532
2020-08-27 02:00:57.081,49.311349322666416,0.0189333333333331,0.0,132164.26666666666,10.489201545715332,11811.111111111111,55813.26666666667,11.0,542.0,5.6589943499999995,33.77480665622166,7.997162930122532
2020-08-27 02:01:12.081,44.77624938216336,0.01937648601204364,0.0,122143.67931026821,9.85424518585205,13267.29329155834,58900.56218474324,11.0,709.0,6.490604597,42.216666666666654,8.495572139062602
2020-08-27 02:01:27.081,57.13185688708933,0.01999555654299057,0.0,131861.89735614308,12.871670722961426,14444.56787380582,58575.47211730726,21.0,745.0,6.490604597,42.216666666666654,8.495572139062602
2020-08-27 02:01:42.081,49.17266251736634,0.019108987890234408,0.0,117405.62159760027,10.691642761230469,13616.775913787358,52969.20342184202,21.0,709.0,9.921227623,64.37064356595631,8.423548742875099
2020-08-27 02:01:57.081,56.408053001817024,0.023550845386478305,0.0,144059.36590459684,10.279035568237305,11760.558999311248,58820.6580906041,1.0,561.0,6.698826358,64.37064356595631,8.423548742875099
2020-08-27 02:02:12.081,50.89520661102428,0.03171219187208522,0.0,250508.19453697532,6.591486930847168,13230.290917166332,92752.3872973573,1.0,370.0,16.279918680999998,66.00188303109405,8.073537819239059
2020-08-27 02:02:27.081,59.108056120097295,0.031203467051894886,0.0,284658.11756861873,4.330730438232422,12374.641626847426,98803.06700744526,1.0,211.0,6.991710632,66.00188303109405,8.073537819239059
2020-08-27 02:02:42.081,17.20793907699472,0.030406757057123698,0.0,301532.6072460547,7.889056205749512,11598.021782618362,97316.82596132475,1.0,141.0,10.531104881,49.37620021813518,8.279574436932572
2020-08-27 02:03:42.081,25.434414046870994,0.021619217081850405,0.0,185850.53380782917,7.889056205749512,8109.497330960855,61903.15836298932,1.0,110.0,20.442237908,49.37620021813518,8.279574436932572
2020-08-27 02:03:57.081,25.434414046871,0.009153521439679893,0.0,86633.90357698289,7.425856590270996,6119.217951566318,25696.556320817595,1.0,109.0,11.67039649,35.34357428617068,8.201072676315114
2020-08-27 02:04:12.081,27.897860691657883,0.004709959787607547,0.0,44134.989224856145,7.425856590270996,5534.802603807958,15689.675857012731,1.0,112.0,5.5759000610000005,35.34357428617068,8.201072676315114
2020-08-27 02:04:27.081,27.897860691657883,0.004888671614594883,0.0,44052.79765343763,7.3189496994018555,5576.2632771876815,16887.18279187592,1.0,110.0,17.506834717,34.96858665677253,8.102746581515701
2020-08-27 02:04:57.081,27.958353836993016,0.005245260373836023,0.0,53438.35707776764,7.3189496994018555,5470.09534816527,15684.150867912784,1.0,110.0,13.653086331,34.96858665677253,8.102746581515701
2020-08-27 02:05:12.081,16.44918824202192,0.005067792842853844,0.0,54989.64214269837,8.071756362915039,5196.421426983774,16404.645476772614,1.0,112.0,22.414400049,34.91404034703194,8.320668118074144
2020-08-27 02:05:27.081,19.52239877622721,0.005422463220587577,0.0,56072.18098582159,8.071756362915039,6690.430685808258,16927.307880350236,1.0,113.0,17.90920683,34.91404034703194,8.320668118074144
2020-08-27 02:05:42.081,27.97428357071582,0.005244794097384363,0.0,42692.26837344712,7.829189300537109,6582.638842589507,17782.05213680912,1.0,111.0,26.665347706000002,34.77983798877795,8.090975368942416
2020-08-27 02:05:57.081,28.160413297867432,0.006222637064693227,0.0,48244.99411071849,7.829189300537109,8498.544347400939,20247.57206035958,1.0,115.0,17.441193520000002,34.77983798877795,8.090975368942416
2020-08-27 02:06:12.081,22.254300114822513,0.006487879663163543,0.0,51692.58115404271,7.534646987915039,7016.641855711334,20307.08556446775,1.0,138.0,7.776518075,33.9823804039763,8.051221167976967
2020-08-27 02:06:27.081,33.8564287316802,0.006399999999999926,0.0,55978.666666666664,7.534646987915039,9096.755555555554,22173.8,1.0,254.0,8.352078219000001,33.9823804039763,8.051221167976967
2020-08-27 02:06:42.081,40.62064929862149,0.005422222222222217,0.0,47968.71111111111,8.532381057739258,8392.222222222223,20782.577777777777,1.0,377.0,5.21318882,33.026122392531136,7.9311954665944135
2020-08-27 02:06:57.081,51.00329802537139,0.01804725179472357,0.0,128816.48256395439,8.626842498779297,11873.380303602782,56038.58377969906,11.0,512.0,6.830483312999999,33.026122392531136,7.9311954665944135
2020-08-27 02:07:12.081,30.34542675368193,0.01866169021594249,0.0,124758.19781391628,9.432029724121094,12680.951746201014,57460.38834088688,11.0,666.0,9.217998486,42.45069749925594,8.7217903657236
2020-08-27 02:08:12.081,28.018941694658633,0.029422222222222495,0.0,204344.88888888888,8.625268936157227,14972.31111111111,86382.97777777776,21.0,690.0,5.950039235999999,42.45069749925594,8.7217903657236
2020-08-27 02:08:27.081,28.018941694658633,0.02088610407501217,0.0,151622.80584810913,7.085323333740234,14105.585921877084,62293.360885215305,21.0,731.0,5.138337737,64.4149130602209,8.30935182021596
2020-08-27 02:08:42.081,28.13953873026223,0.02062772294834172,0.0,159695.56326131415,4.1023969650268555,12649.239797279275,59026.71823597404,31.0,674.0,8.275108344,64.4149130602209,8.30935182021596
2020-08-27 02:08:57.081,28.13953873026223,0.015375044436544461,0.0,114212.58442943476,4.946327209472656,10648.062566654817,45311.611269107714,31.0,506.0,11.282604345,64.28520067637892,8.429426233833444
2020-08-27 02:09:12.081,28.33766950386077,0.024981108592256954,0.0,195450.77121393962,4.314422607421875,11978.130417388986,84691.93670267148,1.0,383.0,10.404163698,64.28520067637892,8.429426233833444
2020-08-27 02:09:27.081,28.33766950386077,0.03599520063991478,0.0,315076.92307692306,7.4675798416137695,13261.365151313159,118020.77500777674,1.0,199.0,22.043600234000003,64.09595572639516,7.87022877164217
2020-08-27 02:09:42.081,27.66094118977687,0.04035645236560818,0.0,364734.1496477699,7.4675798416137695,13980.577346163247,140367.8970643792,1.0,116.0,36.003953605,64.09595572639516,7.87022877164217
2020-08-27 02:09:57.081,27.66094118977687,0.0259549787782492,0.0,269419.7906713184,7.850384712219238,10092.709050909982,89512.18861803072,1.0,106.0,13.597308236,46.55022364278893,8.467670172053491
2020-08-27 02:10:12.081,26.866380705665645,0.01449017690461345,0.0,147560.13867899368,7.850384712219238,7864.410169792871,55522.090852520225,1.0,89.0,16.339194561,46.55022364278893,8.467670172053491
2020-08-27 02:10:27.081,26.866380705665645,0.005244560990244321,0.0,67539.98977755061,7.850384712219238,5637.769728216183,17167.225938354186,1.0,109.0,9.137233321,34.91167437686699,7.98764042654025
2020-08-27 02:10:42.081,29.041181302785585,0.005866666666666889,0.0,63169.422222222216,7.642126083374023,5586.333333333333,15580.71111111111,1.0,111.0,14.331473339,34.91167437686699,7.98764042654025
2020-08-27 02:10:57.081,29.04118130278559,0.006222498777723479,0.0,58620.91648517712,7.924008369445801,5121.938752833459,16461.664962887236,1.0,111.0,12.752531251,34.49784749672215,8.115654311810069
2020-08-27 02:11:12.081,1.020966035423183,0.005688636060619534,0.0,54610.906181947474,7.924008369445801,6730.078663170527,16649.060041775923,1.0,111.0,13.138274822,34.49784749672215,8.115654311810069
2020-08-27 02:11:27.081,35.976933375571804,0.005066328911405783,0.0,41230.31797880142,7.309269905090332,6944.714796791325,19447.19240939493,1.0,111.0,28.200388782,34.67693019913769,8.200991489168581
2020-08-27 02:11:42.081,32.02907588544443,0.0050658786411004655,0.0,45140.00044437532,7.309269905090332,8581.976137045349,20763.947830337504,1.0,114.0,26.674352372,34.67693019913769,8.200991489168581
2020-08-27 02:11:57.081,44.439783308718724,0.005245260373835708,0.0,46792.701086835725,7.373619079589844,7304.380681439335,21336.741270864357,1.0,134.0,10.635663909000002,34.73245048669846,7.927120195638008
2020-08-27 02:12:12.081,36.69249726747587,0.005156013867899353,0.0,48428.126944617296,7.373619079589844,8806.027202417992,21373.83322962041,1.0,247.0,5.151713904,34.73245048669846,7.927120195638008
2020-08-27 02:12:27.081,39.27580520017138,0.005067454937434588,0.0,44971.973418087255,7.373619079589844,8118.840708554663,20328.362189673946,1.0,355.0,5.151713904,33.28711878283673,8.108794539588178
2020-08-27 02:12:42.081,25.894040301546863,0.020711571368252676,0.0,129436.47636614145,8.424544334411621,11784.928553967864,56486.921931598474,11.0,516.0,5.309198807,33.28711878283673,8.108794539588178
2020-08-27 02:12:57.081,14.015737976572124,0.020355103219928377,0.0,126245.01677740496,6.908154487609863,13025.310548654475,57848.292260172,11.0,687.0,9.467880605,40.45114640407661,8.820903917819486
2020-08-27 02:13:12.081,20.818709265047733,0.03135896240033771,0.0,202766.87320940767,9.304094314575195,15707.06465009883,87075.28816043706,21.0,712.0,7.989394733,40.45114640407661,8.820903917819486
2020-08-27 02:13:27.081,26.928367383418212,0.020262614143838033,0.0,146880.49056855295,9.95643138885498,14414.183829900685,61947.07725121642,21.0,774.0,5.655773275,63.43192617795251,8.587809827196535
2020-08-27 02:13:57.081,27.729622472663646,0.021330015330948696,0.0,157534.96122825338,8.96916389465332,12791.676850267737,59129.40209300776,31.0,690.0,8.201491788,63.43192617795251,8.587809827196535
2020-08-27 02:14:12.081,19.82980006918704,0.014052563703472912,0.0,109107.66220482947,7.267093658447266,10662.40494507938,45470.96099968871,31.0,508.0,11.363171435,65.54197042637266,8.590902801367239
2020-08-27 02:14:27.081,28.02864623786714,0.022849014247293718,0.0,196647.32946589318,4.722380638122559,12055.90006890267,84468.51592540732,1.0,392.0,13.594650693,65.54197042637266,8.590902801367239
2020-08-27 02:14:42.081,27.96432150915617,0.030934708209253654,0.0,321868.8830614694,8.108854293823242,13021.17871905418,114444.48642161874,1.0,200.0,17.076651033999998,64.758795473695,7.75133959841976
2020-08-27 02:14:57.081,27.901968719034382,0.03679591156538175,0.0,389895.87823575153,8.108854293823242,14032.063104099543,138124.7861348739,1.0,119.0,8.923392656,64.758795473695,7.75133959841976
2020-08-27 02:15:12.081,28.132105183825658,0.023371545365680414,0.0,293195.41455611837,8.048343658447266,10228.605705145294,87943.68168488402,1.0,107.0,5.821727592999999,45.3488862806969,8.350721221259109
2020-08-27 02:15:27.081,28.132105183825658,0.01510842516885902,0.0,161171.70280838961,8.048343658447266,8031.972093849982,56871.667259153925,1.0,84.0,15.926599636999999,45.3488862806969,8.350721221259109
2020-08-27 02:15:57.081,27.339614533789387,0.005333096306830694,0.0,64804.94200257767,8.333921432495117,5478.44540242656,17279.676458824055,1.0,110.0,16.491093239,35.062757352994886,8.20681214917695
2020-08-27 02:16:12.081,19.88655880629975,0.0049783309256584895,0.0,82202.2002444716,8.333921432495117,5479.43104789421,16304.94499388821,1.0,111.0,27.484608626,35.062757352994886,8.20681214917695
2020-08-27 02:16:27.081,33.76919969607272,0.004267520170700654,0.0,79387.25522882355,8.365392684936523,5417.9058033829,17565.246382609857,1.0,113.0,25.752806199,34.97601796387659,8.317883616709805
2020-08-27 02:16:42.081,39.84106849515668,0.004711844064632349,0.0,79474.76274087079,8.365392684936523,6955.081901629142,17619.42968906274,1.0,113.0,21.267694507,34.97601796387659,8.317883616709805
2020-08-27 02:16:57.081,48.251856205316884,0.005333688912594059,0.0,45969.28684134498,8.100080490112305,6871.035846834234,18337.08913927595,1.0,110.0,13.547875013999999,34.92279881209488,8.27837295840948
2020-08-27 02:17:12.081,31.529695912796953,0.005955820258678178,0.0,47151.606738077244,8.100080490112305,8194.51975643362,19012.467220765368,1.0,113.0,24.118984807,34.92279881209488,8.27837295840948
2020-08-27 02:17:27.081,42.28303424357087,0.005599875558320823,0.0,46238.261371969515,8.100080490112305,7061.354192129064,19936.912513055267,1.0,137.0,8.741179455,34.95533761926364,8.227074857919249
2020-08-27 02:17:42.081,21.69711174616966,0.005956084985332045,0.0,45242.06596141879,8.516502380371094,8828.273624322163,21168.859454173704,1.0,256.0,5.299803715,34.95533761926364,8.227074857919249
2020-08-27 02:17:57.081,13.318967655842886,0.005955952619063508,0.0,43056.38153654688,7.877159118652344,8520.27912971976,20914.660977398496,1.0,381.0,5.299803715,33.97449234933128,8.080941434972281
2020-08-27 02:18:12.081,20.464483504724907,0.020800924485532845,0.0,126435.48602160095,7.967543601989746,11881.950308902618,56029.04573536602,11.0,528.0,7.777314512,33.97449234933128,8.080941434972281
2020-08-27 02:18:27.081,25.269159952487392,0.020710650874425064,0.0,122513.188595809,9.310579299926758,13042.799048910027,57668.18515144109,11.0,679.0,6.307240738000001,43.61155187144125,8.938486106783987
2020-08-27 02:18:42.081,28.3669536669169,0.031199999999999915,0.0,200248.88888888888,7.827425003051758,15071.733333333334,85739.35555555555,21.0,704.0,7.81356887,43.61155187144125,8.938486106783987
2020-08-27 02:18:57.081,28.3669536669169,0.02142222222222219,0.0,147820.08888888886,7.417511940002441,14022.422222222222,61525.4,21.0,727.0,5.60176163,65.28348914565517,8.757956564444253
2020-08-27 02:19:12.081,28.254590310838594,0.021244916553700942,0.0,150827.1739371986,8.728480339050293,12404.653436743038,59267.56150136669,1.0,629.0,6.5743262510000005,65.28348914565517,8.757956564444253
2020-08-27 02:19:27.081,28.254590310838594,0.021332859269794183,0.0,176670.20732872604,9.016990661621094,12794.093464589678,64858.40314659675,1.0,456.0,15.183783717,61.886946444076905,7.743773593320102
2020-08-27 02:19:42.081,28.260136193713066,0.026574234546504864,0.0,239447.5403279563,6.508445739746094,12267.630982535662,90465.64902457451,1.0,308.0,27.069166491,61.886946444076905,7.743773593320102
2020-08-27 02:19:57.081,28.260136193713066,0.0294209146260169,0.0,281155.1486600596,7.707428932189941,11291.031509710681,97149.17114794899,1.0,159.0,8.925392403,48.35839432535191,8.243513956205513
2020-08-27 02:20:27.081,28.274278929423584,0.01866251944012418,0.0,179273.93912463897,7.707428932189941,7886.314152410575,61840.43545878693,1.0,106.0,24.703606869999998,48.35839432535191,8.243513956205513
2020-08-27 02:20:42.081,29.77980947654161,0.00773419268807643,0.0,85297.29969996665,6.808018684387207,5957.573063673742,24627.9142126903,1.0,106.0,16.182148309,34.602299125901716,8.30015374774012
2020-08-27 02:20:57.081,29.77980947654161,0.00515498277969113,0.0,41774.55838240195,6.808018684387207,5537.851349850016,15793.400733251858,1.0,108.0,9.1301684,34.602299125901716,8.30015374774012
2020-08-27 02:21:12.081,33.506352339382126,0.005333451854485857,0.0,44328.80730682904,7.8415632247924805,5368.785973021621,16754.03897864397,1.0,112.0,26.481006629,34.65581439933905,8.414188312049472
2020-08-27 02:21:27.081,36.0835824337379,0.006221669184961363,0.0,58613.10105768377,7.8415632247924805,5585.236867833971,15763.709892454006,1.0,113.0,26.143625443,34.65581439933905,8.414188312049472
2020-08-27 02:21:42.081,32.69218936666836,0.006488888888888923,0.0,58800.35555555555,7.8415632247924805,5512.488888888888,16959.62222222222,1.0,109.0,16.567373485,34.639846320762786,8.200975256056452
2020-08-27 02:21:57.081,46.990380920736676,0.006223051962483911,0.0,57897.85304707294,7.466363906860352,7191.158821176157,17528.137084944658,1.0,114.0,14.805157127000001,34.639846320762786,8.200975256056452
2020-08-27 02:22:12.081,28.454064518319495,0.006578362521113132,0.0,44695.884078584764,7.466363906860352,6994.888434527514,18398.946573028712,1.0,109.0,17.654280161,34.13938376420678,8.21264092527874
2020-08-27 02:22:27.081,7.48540750885162,0.005778548250877692,0.0,44788.905187358316,7.466244697570801,8719.051429079433,20587.122727474776,1.0,110.0,26.49423438,34.13938376420678,8.21264092527874
2020-08-27 02:22:42.081,17.913110165454512,0.006311531879902923,0.0,44330.77760739605,7.864713668823242,7145.6541547214265,20522.52372380381,1.0,137.0,8.483841459999999,34.09418978096624,8.289405418896616
2020-08-27 02:22:57.081,22.94891035482858,0.006222360496899957,0.0,43145.49212204715,7.864713668823242,8677.770617124825,21803.084512989175,1.0,242.0,6.579566697000001,34.09418978096624,8.289405418896616
2020-08-27 02:23:12.081,27.36126010354298,0.006755705682348541,0.0,44237.78306184582,7.864713668823242,8031.845152114491,20274.2283161848,1.0,351.0,5.139984266000001,33.13316946116311,8.0687967988837
2020-08-27 02:23:27.081,27.36126010354298,0.019644880997355504,0.0,123155.80346229914,6.510472297668457,11242.183159625769,55275.82835174115,11.0,501.0,5.632234405,33.13316946116311,8.0687967988837
2020-08-27 02:23:42.081,28.0784958149159,0.019551210842035,0.0,123762.71939568984,7.206916809082031,12930.148855809819,57133.72583870251,11.0,677.0,6.741095798,40.28664065650786,8.926049181528358
2020-08-27 02:23:57.081,28.0784958149159,0.0192790351598071,0.0,132551.6291673145,9.244441986083984,14085.622903849146,57306.84316904694,21.0,725.0,6.295637858,40.28664065650786,8.926049181528358
2020-08-27 02:24:27.081,27.83514718270958,0.016887763038019803,0.0,120414.372375175,8.95700454711914,14134.724351709887,52386.75199431149,21.0,766.0,5.503605856,62.98986197490791,8.49448443634972
2020-08-27 02:24:57.081,27.874474521983494,0.021249166481440387,0.0,143573.9497666148,3.885817527770996,12645.854634363192,58867.74838853078,21.0,702.0,9.751508660999999,62.98986197490791,8.49448443634972
2020-08-27 02:25:12.081,27.703792860859473,0.02401067140951562,0.0,164186.03823921742,4.109334945678711,12026.478434859939,74172.9879946643,31.0,519.0,8.338290047000001,63.760969406601255,8.249594628540487
2020-08-27 02:25:27.081,12.387840930277637,0.025157232704402628,0.0,185060.51514545415,3.825092315673828,12001.933462230816,89531.390981621,1.0,378.0,8.766622418,63.760969406601255,8.249594628540487
2020-08-27 02:25:42.081,10.224360811897347,0.03119029635224589,0.0,283173.0572710712,6.786799430847168,12330.452748033946,110020.2381481317,1.0,215.0,9.433459181,61.128568859832434,8.041836701676923
2020-08-27 02:25:57.081,27.561838744095297,0.034573168022041446,0.0,294235.61302937387,6.786799430847168,11842.798737946052,115161.08963249344,1.0,130.0,16.312232772999998,61.128568859832434,8.041836701676923
2020-08-27 02:26:12.081,14.690686150589524,0.02239253582139277,0.0,212284.08308341663,7.579922676086426,8422.43696545596,68865.5781406198,1.0,110.0,11.565317219,43.86878143434793,8.228958250439218
2020-08-27 02:26:27.081,26.445987949116223,0.011736984839728045,0.0,93782.0655314987,7.579922676086426,6270.084026141467,37653.06984395145,1.0,98.0,15.922269115999999,43.86878143434793,8.228958250439218
2020-08-27 02:26:42.081,41.507490155472546,0.006221669184961363,0.0,52697.1824726691,7.579922676086426,5402.653097502445,16653.275264420943,1.0,113.0,11.309738008,34.751394525095414,8.427453240520947
2020-08-27 02:26:57.081,48.949937712604665,0.006044847434273204,0.0,53069.49352179035,6.987714767456055,5603.929150832278,15901.015623263775,1.0,113.0,19.673898064,34.751394525095414,8.427453240520947
2020-08-27 02:27:12.081,18.50685270482617,0.0070197263195305734,0.0,52228.185534032345,7.273769378662109,5691.576328416563,17032.299626799362,1.0,111.0,17.339229497,34.47403376132134,8.464836964438877
2020-08-27 02:27:27.081,24.171108988989854,0.005423668533831239,0.0,49256.15719747488,7.273769378662109,6941.917844758603,17033.80901573753,1.0,111.0,19.561339419,34.47403376132134,8.464836964438877
2020-08-27 02:27:42.081,25.816902897168653,0.006222775357809609,0.0,42875.277802471326,7.160091400146484,6877.300204462619,18157.258422970932,1.0,113.0,34.738551212,34.76042873859322,8.234234996437054
2020-08-27 02:28:12.081,25.06108985378089,0.004978884196488191,0.0,41151.18915314515,7.160091400146484,8310.113358524115,19215.84796621471,1.0,110.0,12.402007781,34.76042873859322,8.234234996437054
2020-08-27 02:28:27.081,25.06108985378089,0.006133197040065694,0.0,45510.09977556055,7.190251350402832,7010.733094820115,19855.58098708918,1.0,137.0,11.413383701999999,34.98112113195933,8.429068735802431
2020-08-27 02:28:57.081,27.784310947520723,0.005156472261735405,0.0,41604.5519203414,7.190251350402832,8897.159495021337,20451.54694167852,1.0,256.0,5.343430248,34.98112113195933,8.429068735802431
2020-08-27 02:29:12.081,19.224536833418345,0.005689647508556702,0.0,43332.35542516781,7.239341735839844,8192.381206383074,20741.298839845313,1.0,353.0,5.343430248,34.15199709968596,8.033174694686169
2020-08-27 02:29:27.081,28.181583435257767,0.018756389172851995,0.0,124888.03946842081,7.330083847045898,11623.116582959243,55455.90915151784,11.0,464.0,5.399668888,34.15199709968596,8.033174694686169
2020-08-27 02:29:42.081,28.034667895418885,0.019641825534373204,0.0,131236.54623827935,8.392572402954102,11911.722881393593,57978.84726480914,11.0,618.0,13.536018400000001,36.45414578096448,8.599759398931155
2020-08-27 02:29:57.081,27.900162115075926,0.030119277670420663,0.0,204431.5319517558,7.272815704345703,14689.855845050088,86938.36209768774,21.0,636.0,5.810822497,36.45414578096448,8.599759398931155
2020-08-27 02:30:12.081,28.374966627004923,0.020797227036395305,0.0,150621.69488512643,6.548404693603516,13538.972581433587,63044.37186152957,21.0,699.0,5.656381661,59.510954887718924,8.571687347460529
2020-08-27 02:30:27.081,28.374966627004923,0.02062268050401146,0.0,153102.78006177917,6.93516731262207,12925.087224160538,59961.88804195649,31.0,710.0,6.848974683000001,59.510954887718924,8.571687347460529
2020-08-27 02:30:42.081,27.722082555947697,0.013873140799039445,0.0,110370.43953845128,6.592297554016113,10547.233153249294,45104.60437092865,31.0,545.0,10.978244357,62.22060917912743,8.738887190369276
2020-08-27 02:30:57.081,27.722082555947697,0.026578368408186805,0.0,223646.56992377611,3.5034656524658203,13248.049956665704,99252.938954199,1.0,426.0,9.826561367,62.22060917912743,8.738887190369276
2020-08-27 02:31:12.081,2.484083141591341,0.03501833129652246,0.0,339657.1936451505,6.996560096740723,13441.995333851792,119829.84112876345,1.0,244.0,19.106382100999998,64.4495186966305,8.173609276735776
2020-08-27 02:31:27.081,31.617034143753624,0.04488789138019147,0.0,419330.0593320149,6.996560096740723,15145.930090442436,158248.97224506125,1.0,125.0,19.467347372,64.4495186966305,8.173609276735776
2020-08-27 02:31:42.081,24.187217255001105,0.030839647165996516,0.0,343737.4630613016,6.964445114135742,10949.252338525119,94695.71400004443,1.0,110.0,15.645425795,48.06462229954789,8.229680761765842
2020-08-27 02:31:57.081,43.72640501825127,0.022134317080759035,0.0,225563.0916929641,6.964445114135742,9387.639450642251,73240.01066714077,1.0,88.0,20.275112058999998,48.06462229954789,8.229680761765842
2020-08-27 02:32:12.081,35.97101151878916,0.008174689561721333,0.0,113188.8841993025,6.508517265319824,6797.03223226781,19798.076282293358,1.0,108.0,21.56945947,35.305320202139434,8.328396522829033
2020-08-27 02:32:27.081,40.54094781255106,0.006134560245382326,0.0,55807.783778978024,6.508517265319824,5969.06047876242,16856.882487608633,1.0,107.0,12.331723795,35.305320202139434,8.328396522829033
2020-08-27 02:32:42.081,28.961147454076613,0.006223328591749669,0.0,51709.81507823613,6.729578971862793,5828.902916073969,18125.80014224751,1.0,106.0,5.39257647,34.74839302130684,8.254651951192198
2020-08-27 02:32:57.081,12.193704577367626,0.005511846023914088,0.0,50342.00115570965,6.729578971862793,6813.219540383162,17422.87860603636,1.0,112.0,11.102928948,34.74839302130684,8.254651951192198
2020-08-27 02:33:12.081,26.871947938843725,0.005066216336325537,0.0,41138.387698871215,7.216763496398926,6797.084703581904,18430.828370811487,1.0,112.0,14.153068664000001,34.89570482009384,8.280889561641692
2020-08-27 02:33:27.081,26.871947938843725,0.004798507131114947,0.0,41402.23041720354,7.216763496398926,8299.906695694674,19179.98844803839,1.0,109.0,16.589014330999998,34.89570482009384,8.280889561641692
2020-08-27 02:33:42.081,27.274495266922933,0.0057786766830396985,0.0,47703.06492120997,6.97484016418457,7355.810903918388,20621.91896517236,1.0,137.0,17.908200002,34.7414841381761,8.607357846737536
2020-08-27 02:33:57.081,27.274495266922933,0.0048896495010334684,0.0,48522.39237214678,6.97484016418457,9016.002489276108,20806.769941990973,1.0,267.0,10.272219386000002,34.7414841381761,8.607357846737536
2020-08-27 02:34:12.081,28.240829398485033,0.005690659316231721,0.0,50077.801982839104,6.493878364562988,8639.354465833814,21479.37135997866,1.0,385.0,10.272219386000002,34.49833932368876,8.282894724675705
2020-08-27 02:34:27.081,28.240829398485033,0.020268918768751906,0.0,124532.2369152128,6.589198112487793,11607.467496388486,55606.48960995666,11.0,523.0,5.996054308,34.49833932368876,8.282894724675705
2020-08-27 02:34:42.081,28.05808140231608,0.02106619852892175,0.0,123969.51178862693,8.425116539001465,12771.31619297349,58086.753627697166,11.0,679.0,17.204333030999997,42.757582323962005,8.716010308060866
2020-08-27 02:34:57.081,28.05808140231608,0.020086657038106796,0.0,132968.6923675147,7.865715026855469,13733.851794245084,56778.35796022664,21.0,698.0,5.470690277,42.757582323962005,8.716010308060866
2020-08-27 02:35:12.081,28.063107723388054,0.014658197485897277,0.0,121899.34704393016,7.075905799865723,13782.88100208768,51953.16039621552,21.0,732.0,5.190931021,63.709329084212065,8.568553750645373
2020-08-27 02:35:27.081,28.063107723388054,0.018310704206573148,0.0,143629.87489166908,7.044434547424316,12842.870158440925,59682.384835892546,21.0,684.0,5.9538451519999995,63.709329084212065,8.568553750645373
2020-08-27 02:35:42.081,30.43758654182937,0.02302375713936488,0.0,162758.5839055937,5.481958389282227,11996.488654799208,74670.55581483211,31.0,524.0,7.157965042,67.88591652531188,8.59102452522188
2020-08-27 02:35:57.081,30.43758654182937,0.02419121734296818,0.0,178775.9421901056,4.978728294372559,11667.726514730404,88272.79599777654,1.0,383.0,10.749662691,67.88591652531188,8.59102452522188
2020-08-27 02:36:12.081,3.512062590037667,0.030490244010844925,0.0,271076.22561002715,7.380270957946777,11830.948042135207,106821.41428507933,1.0,211.0,17.823577212,64.67772610749057,7.843479719630282
2020-08-27 02:36:27.081,36.10190505295124,0.031993601279744,0.0,290211.8243018063,7.380270957946777,11682.108022839875,113279.56630896042,1.0,127.0,25.874000998,64.67772610749057,7.843479719630282
2020-08-27 02:36:42.081,38.5481469898052,0.021422698282184016,0.0,214271.07269050422,8.427715301513672,8508.67797062157,69134.22520500455,1.0,104.0,17.054294453999997,44.23559279362181,8.14030890138157
2020-08-27 02:36:57.081,48.88851639673264,0.011642116021240215,0.0,100741.45170965807,8.427715301513672,6398.9202159568085,39830.589437668015,1.0,93.0,24.592787389,44.23559279362181,8.14030890138157
2020-08-27 02:37:12.081,45.05480236181891,0.0053338074495509575,0.0,51523.15761401014,8.340215682983398,5318.0060449817765,18029.158147390877,1.0,112.0,21.501247887,35.099041859788045,8.549922484187526
2020-08-27 02:37:27.081,47.918249291821375,0.004800000000000182,0.0,55796.62222222222,8.340215682983398,5652.355555555555,17079.066666666666,1.0,109.0,16.578625233,35.099041859788045,8.549922484187526
2020-08-27 02:37:42.081,22.9440289419703,0.004267520170700654,0.0,54169.05603342891,8.090639114379883,5680.180480540553,17376.96428174524,1.0,111.0,24.526827679,34.731039065446154,8.175630633907467
2020-08-27 02:37:57.081,5.575128939188393,0.004800746782833067,0.0,54257.68452870446,8.090639114379883,7236.503456093169,17611.53957282244,1.0,109.0,24.165137544,34.731039065446154,8.175630633907467
2020-08-27 02:38:12.081,25.13850249209438,0.005510253960494821,0.0,41863.71008954163,7.963061332702637,6915.057657697692,18576.576976914705,1.0,113.0,19.762686141,34.58288721974963,8.321544868655906
2020-08-27 02:38:27.081,25.13850249209438,0.0056000000000002124,0.0,42780.444444444445,7.963061332702637,8432.8,19893.066666666666,1.0,111.0,23.140038616000002,34.58288721974963,8.321544868655906
2020-08-27 02:38:42.081,20.742837018715505,0.005951852180865255,0.0,46756.32939504308,7.963061332702637,7145.998045660478,20412.1213467176,1.0,130.0,8.471065857,34.24266847062156,8.280370004699607
2020-08-27 02:38:57.081,19.997994575941664,0.006312092992243372,0.0,49432.756206521015,8.953332901000977,8978.374413797701,22157.024426021824,1.0,245.0,7.098246868,34.24266847062156,8.280370004699607
2020-08-27 02:39:12.081,28.205848293078695,0.007111111111110959,0.0,51245.51111111111,8.517074584960938,8316.222222222223,22023.755555555555,1.0,351.0,7.098246868,32.675805102418884,8.594920960080703
2020-08-27 02:39:27.081,28.205848293078695,0.0196566752646091,0.0,127419.37205372233,8.609867095947266,11149.381837587833,56349.57306768656,11.0,464.0,5.1165136769999995,32.675805102418884,8.594920960080703
2020-08-27 02:39:42.081,27.44643888029613,0.01901799600088857,0.0,128403.82137302822,8.907055854797363,11856.987336147522,56850.29993334815,11.0,632.0,9.120304014,37.39376535690002,8.527143250205398
2020-08-27 02:39:57.081,27.446438880296135,0.02888888888888882,0.0,198883.55555555553,10.985159873962402,14380.844444444443,84853.13333333333,21.0,657.0,5.149987675999999,37.39376535690002,8.527143250205398
2020-08-27 02:40:27.081,27.358491234723996,0.020797227036394986,0.0,150712.70497267033,8.803200721740723,13707.372350353286,61177.35413056037,21.0,713.0,5.278993222,59.13787646859381,8.84854611237879
2020-08-27 02:40:42.081,19.59461624936444,0.02089074584407498,0.0,150473.10872077517,8.728814125061035,12627.055738287849,58724.086585474266,31.0,685.0,6.936725884,59.13787646859381,8.84854611237879
2020-08-27 02:40:57.081,27.539868235227598,0.013773798680381323,0.0,107011.2189811832,7.218766212463379,10568.835669695422,44997.00086641637,31.0,510.0,20.424346085,66.45982668894787,8.69428648106993
2020-08-27 02:41:12.081,29.86601769846331,0.020887496389129564,0.0,196867.94213719087,4.104447364807129,12562.051418794303,86857.96502455392,1.0,384.0,9.240362446999999,66.45982668894787,8.69428648106993
2020-08-27 02:41:27.081,31.258801219692227,0.03004778308700975,0.0,323710.9901100122,7.697606086730957,13132.436937437493,117404.53383709301,1.0,196.0,20.617995178,64.68051914645683,8.237181880404192
2020-08-27 02:41:42.081,36.90788218514507,0.03547060784531622,0.0,384884.72052450274,7.697606086730957,14037.604178242027,142419.40215579508,1.0,110.0,13.345884387,64.68051914645683,8.237181880404192
2020-08-27 02:41:57.081,51.21227018306127,0.023559743954480846,0.0,278577.52489331434,7.697606086730957,9695.76813655761,89399.00426742532,1.0,106.0,9.164954651,45.220546460681646,8.815424048027875
2020-08-27 02:42:12.081,41.168404893559824,0.014044444444444555,0.0,151369.95555555553,6.760287284851074,7670.355555555555,57482.55555555555,1.0,86.0,22.290765337,45.220546460681646,8.815424048027875
2020-08-27 02:42:27.081,43.25793596567111,0.005155326429936432,0.0,61983.378516510376,7.311058044433594,5494.93355850851,17049.79778676503,1.0,112.0,7.092016489,35.12416528656515,8.581477434457234
2020-08-27 02:42:42.081,26.032896392081923,0.005244560990244321,0.0,55797.862174714995,7.311058044433594,5615.280339563101,15584.190759794661,1.0,114.0,19.665061102,35.12416528656515,8.581477434457234
2020-08-27 02:42:57.081,13.771963052421501,0.005420656254859701,0.0,52322.662341990086,7.275938987731934,5843.956190433874,17428.142980916622,1.0,108.0,22.407437305,34.724252493229166,8.500183056534254
2020-08-27 02:43:12.081,9.596762920362384,0.005422463220587577,0.0,50337.52611227166,7.275938987731934,7127.094537535001,17288.23503266812,1.0,114.0,21.348938761000003,34.724252493229166,8.500183056534254
2020-08-27 02:43:27.081,26.90597362518537,0.004886934115242767,0.0,42672.353280909854,7.116603851318359,6908.592118708072,18372.095606201965,1.0,108.0,12.958670499,34.74078411190729,8.539677479239224
2020-08-27 02:43:42.081,19.27970179514887,0.004890410349886606,0.0,46162.628373271684,7.116603851318359,8487.81843240119,19551.905037122662,1.0,112.0,22.730551089000002,34.74078411190729,8.539677479239224
2020-08-27 02:43:57.081,27.95915569461334,0.004355458767582897,0.0,47876.6249638897,7.279396057128906,6968.11181973734,19744.07235394769,1.0,132.0,11.651167052,34.951283955453874,8.400355119357545
2020-08-27 02:44:12.081,27.682372386013405,0.004357298474945489,0.0,45529.32284024721,7.279396057128906,8630.45218087235,20201.99190787426,1.0,245.0,5.245559265,34.951283955453874,8.400355119357545
2020-08-27 02:44:27.081,27.45964310209017,0.004444444444444507,0.0,45875.2,7.508039474487305,7935.8,20233.955555555553,1.0,365.0,5.187903245,33.39002151531198,8.412264331195534
2020-08-27 02:44:42.081,28.471401359171374,0.018847795163584615,0.0,126361.30867709816,7.600212097167969,11504.778627311522,55974.10650782361,11.0,497.0,5.166457404,33.39002151531198,8.412264331195534
2020-08-27 02:44:57.081,28.471401359171374,0.019643134902117648,0.0,128423.79396929094,5.627870559692383,12352.598715641181,58028.6869764238,11.0,654.0,13.882504332,41.520985515227046,8.94644986580629
2020-08-27 02:45:12.081,28.1494636442091,0.01955555555555545,0.0,133347.55555555556,7.947301864624023,13622.244444444445,57284.62222222222,21.0,699.0,6.696391443,41.520985515227046,8.94644986580629
2020-08-27 02:45:27.081,28.1494636442091,0.01750916564826123,0.0,124140.51772025328,6.893396377563477,13906.565937118097,53803.53294078435,21.0,720.0,5.680697878,63.802046367882284,8.44888522564247
2020-08-27 02:45:42.081,20.862847726841895,0.020977311615297495,0.0,140717.22850603322,8.004093170166016,12767.516277416058,59256.17208506478,1.0,640.0,9.534111435000002,63.802046367882284,8.44888522564247
2020-08-27 02:45:57.081,28.376461895824672,0.031373594631827005,0.0,245545.21619339645,8.775091171264648,13692.529884904236,92932.3645736124,1.0,461.0,16.178425753,64.15428396445392,7.736613454007508
2020-08-27 02:46:12.081,23.735903211379217,0.03227096946259497,0.0,268733.4311241499,6.503701210021973,11846.42396764013,96239.83197759702,1.0,298.0,28.738365632,64.15428396445392,7.736613454007508
2020-08-27 02:46:27.081,38.86901194473522,0.03199573390214633,0.0,288046.92707638984,7.337021827697754,11008.22112607208,95700.57325689908,1.0,156.0,17.026267136999998,48.881350308939616,8.650359280267095
2020-08-27 02:46:42.081,39.993486907554136,0.021069475930123868,0.0,175423.21198382007,7.337021827697754,7898.608703382673,60512.13495132685,1.0,102.0,26.237664146,48.881350308939616,8.650359280267095
2020-08-27 02:46:57.081,43.97113849905125,0.008798435833629594,0.0,79357.2698186989,7.774925231933594,6114.935122644863,25053.25719872023,1.0,105.0,20.073312112,34.81653209319725,8.398942575437623
2020-08-27 02:47:12.081,27.99851980014056,0.004888671614594883,0.0,40139.01604373139,7.774925231933594,5424.047820096885,15778.2542998089,1.0,113.0,14.489740808,34.81653209319725,8.398942575437623
2020-08-27 02:47:27.081,9.61671191097383,0.005509764279842808,0.0,41313.989913576675,7.1830034255981445,5350.425451556287,16683.899491235476,1.0,114.0,18.511534326,34.94845778023183,8.465713721758572
2020-08-27 02:47:42.081,23.1877338222563,0.005067229692188213,0.0,53800.11112345816,7.1830034255981445,5660.917879764418,16226.314034892766,1.0,113.0,20.365571133,34.94845778023183,8.465713721758572
2020-08-27 02:47:57.081,23.1877338222563,0.005599004621400852,0.0,55604.69249911127,8.008837699890137,5737.380021329542,18041.881443298967,1.0,109.0,20.652160041,34.985378232220825,8.645366666535674
2020-08-27 02:48:12.081,27.408003199056324,0.005779062013780637,0.0,54170.26005779062,8.008837699890137,7072.882862858412,17912.669482107136,1.0,109.0,23.203972843,34.985378232220825,8.645366666535674
2020-08-27 02:48:27.081,27.408003199056324,0.006043772914120462,0.0,41592.5341628708,7.813906669616699,6798.48905677147,18128.430174425066,1.0,109.0,6.499645408999999,34.213241625710914,8.49044137118888
2020-08-27 02:48:42.081,28.364688514449472,0.005779062013780637,0.0,42698.910869082014,7.813906669616699,8378.973105134473,19315.092242720602,1.0,111.0,12.403335459,34.213241625710914,8.49044137118888
2020-08-27 02:48:57.081,28.364688514449472,0.006044444444444568,0.0,44873.95555555555,7.813906669616699,7028.844444444444,20918.644444444442,1.0,140.0,6.709920589,34.12996697764878,8.519991154590993
2020-08-27 02:49:12.081,27.590458904369765,0.0056899004267425375,0.0,47248.93314366999,8.109807968139648,8911.762091038407,21534.272759601707,1.0,250.0,9.914689222000002,34.12996697764878,8.519991154590993
2020-08-27 02:49:27.081,27.590458904369765,0.005956879306512573,0.0,47524.16092464992,7.724618911743164,8216.737052678372,21645.454545454544,1.0,366.0,9.914689222000002,33.960556576382764,8.454299710954775
2020-08-27 02:49:42.081,27.285587754378287,0.020444898775528384,0.0,125977.55505677902,7.8186750411987305,12167.203715638123,56218.93819862663,11.0,536.0,5.193624579000001,33.960556576382764,8.454299710954775
2020-08-27 02:49:57.081,27.285587754378287,0.020792145189595202,0.0,124380.38963058402,6.250286102294922,13438.47879689895,58609.74742874914,11.0,708.0,5.18113189,42.58633344115477,8.994687465428065
2020-08-27 02:50:27.081,28.377863750869004,0.030488888888888885,0.0,194969.6,8.61043930053711,16189.266666666666,86683.97777777776,21.0,735.0,6.656853643000001,42.58633344115477,8.994687465428065
2020-08-27 02:50:42.081,19.113677895205917,0.020350580969096373,0.0,144052.96483081914,6.299138069152832,14833.773966363777,62592.65512874631,21.0,785.0,6.414925930000001,64.49444444444427,8.907077376203624
2020-08-27 02:50:57.081,28.14318393384839,0.028006223605245722,0.0,205027.60613469657,4.475307464599609,14157.768392976217,82427.80617915092,1.0,669.0,9.593394812,64.49444444444427,8.907077376203624
2020-08-27 02:51:12.081,24.246681363358213,0.028883753999288952,0.0,258639.17525773196,4.692220687866211,14841.050479914682,107164.10415926058,1.0,473.0,13.38729236,63.93820601598988,8.154686095426085
2020-08-27 02:51:27.081,35.060028832965834,0.035376991622408364,0.0,339232.28372702835,7.981538772583008,14310.30421546188,138878.33603697698,1.0,327.0,25.249419298,63.93820601598988,8.154686095426085
2020-08-27 02:51:42.081,42.0202966884367,0.03341999422260718,0.0,368888.4741017266,7.981538772583008,12988.334111059263,129524.43170455303,1.0,162.0,19.411988476999998,53.133478263651455,8.454153590402825
2020-08-27 02:51:57.081,46.16298836217826,0.02355922032316143,0.0,266190.3851710266,7.846498489379883,9463.583224057074,76135.95448180828,1.0,103.0,22.262069161,53.133478263651455,8.454153590402825
2020-08-27 02:52:12.081,29.142900712581408,0.012532776321052558,0.0,157279.40980400873,8.513307571411133,7156.304164259368,32054.464246033513,1.0,98.0,30.626194330999997,35.19093568684166,8.458139564416316
2020-08-27 02:52:27.081,13.497327728630793,0.0064001422253827135,0.0,64627.21393808752,8.513307571411133,5932.554056756818,17227.89395319896,1.0,108.0,12.619691954,35.19093568684166,8.458139564416316
2020-08-27 02:52:57.081,25.96986284420363,0.005243628768858271,0.0,42227.742351189816,8.526325225830078,5100.2732908214275,16291.221365565356,1.0,111.0,18.951639106,35.04586171944308,8.47289010147086
2020-08-27 02:53:12.081,26.074800828778518,0.005423186344238971,0.0,49889.04694167852,8.526325225830078,5443.323257467995,15494.087837837838,1.0,114.0,12.369420262,35.04586171944308,8.47289010147086
2020-08-27 02:53:27.081,11.580595921388724,0.005423065810237143,0.0,51435.55664214434,8.123421669006348,5353.143822372369,16608.25017224902,1.0,113.0,16.271633656,34.92010585036371,8.498786753051586
2020-08-27 02:53:42.081,27.4980684463074,0.005600995732574577,0.0,50435.2773826458,8.123421669006348,6823.5686344238975,16828.125,1.0,111.0,14.100938625000001,34.92010585036371,8.498786753051586
2020-08-27 02:53:57.081,27.924046425626052,0.005333570380905705,0.0,40688.741721854305,8.02319049835205,6696.808747055425,18011.333837059425,1.0,107.0,21.132905633,34.76080262677482,8.444314486576195
2020-08-27 02:54:12.081,28.172323469410294,0.005331556147950885,0.0,41128.33499944463,8.02319049835205,8463.290014439632,20133.59991114073,1.0,105.0,5.826037922,34.76080262677482,8.444314486576195
2020-08-27 02:54:27.081,28.172323469410294,0.005333214817448704,0.0,41869.2917935157,7.8217267990112305,7025.443879024911,20175.46276749406,1.0,131.0,7.778530945000001,34.69360190549162,8.745982060219989
2020-08-27 02:54:42.081,27.298497831746104,0.0053338074495509575,0.0,43876.61125433372,7.8217267990112305,8572.050848964353,20684.79420392924,1.0,245.0,6.523840226,34.69360190549162,8.745982060219989
2020-08-27 02:54:57.081,27.298497831746104,0.00622457372785277,0.0,44708.80110263878,8.348608016967773,7759.909299068537,20024.653758086388,1.0,361.0,6.523840226,33.259388008320876,8.719785040324734
2020-08-27 02:55:12.081,27.775966449795558,0.020800462232493894,0.0,126159.60354674546,8.44104290008545,11490.499788884195,55701.23780528456,11.0,528.0,5.961127672,33.259388008320876,8.719785040324734
2020-08-27 02:55:27.081,27.775966449795558,0.020798613425771773,0.0,123053.8408550541,6.160426139831543,13156.456236250919,58214.98566762216,11.0,704.0,7.090588028999999,41.52892414070116,9.044970809082804
2020-08-27 02:55:42.081,27.575171515595258,0.0291555555555555,0.0,196334.93333333332,8.81659984588623,15689.466666666667,84784.7111111111,21.0,728.0,5.110841589,41.52892414070116,9.044970809082804
2020-08-27 02:55:57.081,27.575171515595258,0.01982222222222213,0.0,150277.68888888886,7.425022125244141,14364.644444444444,61763.177777777775,21.0,773.0,6.35833227,64.47601740537455,9.049241130610852
2020-08-27 02:56:12.081,25.322415843008223,0.019377347170062887,0.0,157829.02602164398,4.476213455200195,12923.023932801496,58837.11473078377,31.0,734.0,5.441413123,64.47601740537455,9.049241130610852
2020-08-27 02:56:27.081,40.91629425712047,0.01457453899133539,0.0,120850.6554099089,4.913616180419922,10476.271939568984,46198.13374805599,31.0,547.0,15.483971760000001,62.2767586424836,8.782546142754374
2020-08-27 02:56:42.081,39.41504687519367,0.027640759009909786,0.0,236535.217526552,3.834819793701172,13308.003377327466,101643.18090921211,1.0,424.0,8.006800986,62.2767586424836,8.782546142754374
2020-08-27 02:56:57.081,45.21785612331155,0.038069883527454114,0.0,365573.1114808653,7.063961029052734,13300.543538546868,122405.96783139213,1.0,247.0,23.506393773,64.01008892120407,8.459324827176273
2020-08-27 02:57:12.081,35.5648270552924,0.0475661258057343,0.0,441646.9437652811,7.063961029052734,15088.241831518115,160380.08446321404,1.0,117.0,13.69641018,64.01008892120407,8.459324827176273
2020-08-27 02:57:27.081,38.77244999380537,0.033596267081435406,0.0,359770.8699033441,6.926417350769043,10953.049661148763,95337.78469058994,1.0,106.0,8.207818631,47.26448845161159,8.526940231110586
2020-08-27 02:57:42.081,18.730272604904656,0.02306271009104876,0.0,226770.37465773246,6.926417350769043,9201.64288417444,73041.3615013023,1.0,89.0,14.700185753,47.26448845161159,8.526940231110586
2020-08-27 02:57:57.081,10.202929536987755,0.00897598258126176,0.0,114028.0388366771,6.744861602783203,6521.251305294496,20025.150525450463,1.0,110.0,21.492005161,35.47915304654056,8.600303251633994
2020-08-27 02:58:12.081,24.883149665374525,0.005154181107260272,0.0,55963.74300186617,6.744861602783203,5767.595307917888,15998.84475251044,1.0,110.0,29.65271293,35.47915304654056,8.600303251633994
2020-08-27 02:58:27.081,24.883149665374525,0.005422101731072638,0.0,53792.93793471257,6.635832786560059,5711.428634919224,17560.143107930937,1.0,108.0,23.042026557,34.81993511986346,8.524837649314572
2020-08-27 02:58:42.081,27.95248881388274,0.00631181242360244,0.0,55165.596177353036,6.635832786560059,7076.186242915879,17406.245138348706,1.0,111.0,21.950254746,34.81993511986346,8.524837649314572
2020-08-27 02:58:57.081,27.95248881388274,0.0056011202240450215,0.0,44427.72999044254,7.930135726928711,6819.8973127958925,18467.29345869174,1.0,107.0,18.523231885,34.7885868169189,8.55891731752002
2020-08-27 02:59:12.081,27.786922432500276,0.0058664059375141105,0.0,46783.342962534996,7.930135726928711,8531.909692902536,19305.453090973733,1.0,111.0,22.720978529,34.7885868169189,8.55891731752002
2020-08-27 02:59:27.081,27.786922432500276,0.005332622317024599,0.0,43593.83193351997,6.724643707275391,7228.280673687953,21021.21939296983,1.0,137.0,13.570047503,34.808800510155606,8.590878168854081
2020-08-27 02:59:42.081,28.169330016668404,0.006046325523496006,0.0,51079.358022495886,6.724643707275391,8880.14048815187,21571.111012314945,1.0,237.0,9.921019256,34.808800510155606,8.590878168854081
2020-08-27 02:59:57.081,28.169330016668404,0.005955820258678178,0.0,49427.26343393039,6.560063362121582,8137.339437308325,21970.93204142406,1.0,352.0,9.921019256,33.47043276796608,8.28630432566092
2020-08-27 03:00:12.081,17.236069112129307,0.01804845521226934,0.0,131465.3034007557,6.668257713317871,11498.621915981328,56543.69859968882,11.0,482.0,5.317449567,33.47043276796608,8.28630432566092
2020-08-27 03:00:27.081,16.923400530892234,0.01795555555555571,0.0,127886.22222222222,6.415677070617676,12194.755555555554,58195.666666666664,11.0,625.0,8.528857304999999,37.79538981800474,9.06865929962634
2020-08-27 03:00:42.081,28.199453999404327,0.01804163796742724,0.0,138059.2352300753,7.50577449798584,13652.32075010554,57642.388961717064,21.0,678.0,5.577049066,37.79538981800474,9.06865929962634
2020-08-27 03:00:57.081,28.199453999404327,0.01884444444444442,0.0,137443.55555555556,6.476044654846191,13766.044444444444,56785.15555555555,21.0,720.0,5.3314913079999995,60.28477915781026,8.744188246592284
2020-08-27 03:01:12.081,30.25845076304622,0.02062222222222216,0.0,152098.13333333333,7.4390411376953125,12765.111111111111,58887.48888888888,21.0,671.0,8.009042069,60.28477915781026,8.744188246592284
2020-08-27 03:01:27.081,37.50449237611204,0.023559743954480846,0.0,173428.1650071124,4.880952835083008,11947.990753911807,74108.6859886202,31.0,524.0,7.699736301,63.34988592326476,8.770474549824092
2020-08-27 03:01:42.081,35.95002224654351,0.01866666666666674,0.0,185230.2222222222,3.197479248046875,11435.333333333334,82936.3111111111,1.0,384.0,11.248299783,63.34988592326476,8.770474549824092
2020-08-27 03:01:57.081,45.61742134799261,0.027375344413829873,0.0,293065.5052884188,5.574965476989746,12310.572393565019,112846.56919384944,1.0,207.0,6.548868606,62.878252914466614,7.9380552619878415
2020-08-27 03:02:12.081,17.207735623484076,0.030924399617888072,0.0,315755.8927420967,5.574965476989746,12145.624597338547,115504.54313198409,1.0,130.0,13.670437864,62.878252914466614,7.9380552619878415
2020-08-27 03:02:27.081,26.48994191097958,0.02328681894942676,0.0,243098.7467780642,5.574965476989746,9024.642254021866,71769.95378188606,1.0,105.0,20.223862513,45.77469253824857,8.729542967186859
2020-08-27 03:02:42.081,13.797809703533678,0.012089963552315694,0.0,117338.07449551071,6.642961502075195,7209.751977953596,36586.78549204374,1.0,91.0,10.195475923,45.77469253824857,8.729542967186859
2020-08-27 03:03:27.081,25.633162157552373,0.005778034579314434,0.0,64264.54509089293,6.100630760192871,5834.9704431308055,17852.682341437398,1.0,113.0,6.014283333000001,34.936219614704726,8.60426487185508
2020-08-27 03:03:42.081,17.75484873230285,0.005156013867899353,0.0,61809.58307405103,6.100630760192871,6035.847630900525,16778.491421459687,1.0,106.0,28.195099241,34.936219614704726,8.60426487185508
2020-08-27 03:03:57.081,26.732855467149413,0.006044444444444568,0.0,63169.422222222216,7.077240943908691,5607.2,17674.644444444442,1.0,106.0,12.208024412,34.677294710392985,8.630608015465631
2020-08-27 03:04:12.081,27.211005345450403,0.005868101091378115,0.0,66189.33517081953,7.077240943908691,7328.035742070284,18030.096245748962,1.0,109.0,12.662161905000001,34.677294710392985,8.630608015465631
2020-08-27 03:04:27.081,27.63776676682627,0.006222222222222248,0.0,49607.11111111111,7.165837287902832,7012.0888888888885,18630.44444444444,1.0,110.0,24.600963279,34.39176040140162,8.61220434458888
2020-08-27 03:04:42.081,19.516487650540252,0.0053333333333332195,0.0,55341.51111111111,7.165837287902832,8711.91111111111,20019.511111111107,1.0,109.0,35.380533353,34.39176040140162,8.61220434458888
2020-08-27 03:04:57.081,19.474094817746472,0.005776365777254247,0.0,59422.98549243518,6.358957290649414,6981.315678389727,19507.89806936082,1.0,130.0,9.414075306,34.09830443211684,8.74711047328514
2020-08-27 03:05:12.081,27.192881511777806,0.005955555555555255,0.0,66628.26666666666,6.358957290649414,8861.8,20593.866666666665,1.0,242.0,5.735607374,34.09830443211684,8.74711047328514
2020-08-27 03:05:27.081,27.192881511777806,0.0067555555555556005,0.0,59892.62222222222,6.988978385925293,7984.066666666667,19401.511111111107,1.0,351.0,5.177364186,33.08877098557595,8.663413146014776
2020-08-27 03:05:42.081,27.73516250264962,0.01982706883904977,0.0,138660.7392918269,7.0845842361450195,11725.243948520749,56592.43370601702,11.0,474.0,5.988823121,33.08877098557595,8.663413146014776
2020-08-27 03:05:57.081,27.73516250264962,0.019816057226640826,0.0,138765.7173323855,6.319928169250488,12408.050828631094,57659.68365397432,11.0,648.0,7.770237751,38.23782037135198,9.381383763329683
2020-08-27 03:06:12.081,25.51534986269916,0.019466666666666774,0.0,148821.33333333334,9.183335304260254,13782.91111111111,58105.64444444444,21.0,686.0,5.473474129,38.23782037135198,9.381383763329683
2020-08-27 03:06:27.081,38.87967174597149,0.01670591371573278,0.0,135398.9425512063,7.345461845397949,13421.024570133737,51569.97822899543,21.0,729.0,5.169359161,60.246838259900024,8.898594020402788
2020-08-27 03:06:42.081,34.27556687215771,0.021251055884052884,0.0,154239.63010714445,7.04655647277832,12893.411283510424,59927.86644733917,21.0,696.0,8.059672642,60.246838259900024,8.898594020402788
2020-08-27 03:06:57.081,48.704765700702815,0.02408567746522693,0.0,174193.30755899212,6.900453567504883,11724.503399546727,74395.30284850909,31.0,526.0,6.6575570289999995,66.597522938111,8.691680525992895
2020-08-27 03:07:12.081,37.744578355641735,0.022048854215287603,0.0,183537.5075015003,4.365277290344238,11662.888133182192,87920.96197017182,1.0,383.0,5.28971508,66.597522938111,8.691680525992895
2020-08-27 03:07:27.081,50.18889309549862,0.026483592170454644,0.0,280474.39401008683,7.243013381958008,11672.376635783954,111297.09613632828,1.0,217.0,25.165520324000003,65.88044182427089,8.227367123191144
2020-08-27 03:07:42.081,36.20003774633643,0.028619042328630082,0.0,301887.1680924342,7.243013381958008,11728.541273191868,113924.09732251972,1.0,127.0,34.083118573,65.88044182427089,8.227367123191144
2020-08-27 03:07:57.081,11.693424826652562,0.02053561506834076,0.0,221663.74041560173,7.848548889160156,8201.222358039782,70343.79375486165,1.0,102.0,21.928283619000002,45.397417955109994,8.740762140450835
2020-08-27 03:08:12.081,25.82763170834528,0.011376260942985389,0.0,103023.4190996756,7.848548889160156,6567.479891570012,35368.66195618362,1.0,92.0,7.280577906,45.397417955109994,8.740762140450835
2020-08-27 03:08:27.081,25.82763170834528,0.00604592233657097,0.0,50620.72951165841,7.75303840637207,5464.958100869101,17835.13747805019,1.0,110.0,6.175147742,34.966063375096184,8.87530295567136
2020-08-27 03:08:42.081,27.72470505576138,0.005777777777777891,0.0,58436.26666666667,7.75303840637207,5820.022222222222,16365.62222222222,1.0,107.0,14.178396797,34.966063375096184,8.87530295567136
2020-08-27 03:08:57.081,27.72470505576138,0.005334755934915864,0.0,54081.62176580422,7.401275634765625,5487.307726504846,17298.012803414244,1.0,113.0,17.242184249,34.3903094812884,8.703865500056096
2020-08-27 03:09:12.081,27.990100299051267,0.0061331970400660095,0.0,54703.13993022378,7.401275634765625,6945.512321948402,18377.79160463101,1.0,110.0,22.180455193,34.3903094812884,8.703865500056096
2020-08-27 03:09:27.081,27.990100299051264,0.005955555555555571,0.0,47877.688888888886,7.401275634765625,6595.555555555556,19104.088888888888,1.0,107.0,26.262616581,34.63790953682804,8.602470774227784
2020-08-27 03:09:57.081,27.463935839571292,0.0067555555555556005,0.0,51700.62222222222,7.253074645996094,8727.111111111111,21530.466666666667,1.0,111.0,22.892694888999998,34.63790953682804,8.602470774227784
2020-08-27 03:10:12.081,17.6080193165404,0.005775980805971274,0.0,51047.58519571689,7.7945709228515625,7057.893099924468,20025.081085884394,1.0,135.0,24.147915386,34.63099918064286,8.582630205073254
2020-08-27 03:10:27.081,19.805375675203084,0.006044444444444253,0.0,45966.22222222222,7.7945709228515625,9170.866666666667,21268.866666666665,1.0,253.0,6.703570328,34.63099918064286,8.582630205073254
2020-08-27 03:10:42.081,28.34537253770374,0.006044847434273521,0.0,43875.63615352135,7.482624053955078,8000.622263706469,19478.12076360646,1.0,360.0,5.1056582950000005,33.973684383463,8.565996274514143
2020-08-27 03:10:57.081,28.652426369316093,0.02160720240080014,0.0,129112.54862732021,7.5759172439575195,11412.759808825163,55762.47638101589,11.0,468.0,5.550093989,33.973684383463,8.565996274514143
