Time,cpu,mem,replica,requests,responsetime,totalcpu,totalmemory
2020-07-22 23:19:07.130,8.231974077e-05,82354176.0,1.0,82.0,2.024919,2.0,8362713088.0
2020-07-22 23:19:12.130,0.00010050102465333335,142700544.0,1.0,83.0,2.024919,2.0,8362713088.0
2020-07-22 23:19:17.130,0.00014672480230555553,83759104.0,1.0,98.0,2.024919,2.0,8362713088.0
2020-07-22 23:19:22.130,0.00017214245511750002,65626112.0,1.0,114.0,2.024919,2.0,8362713088.0
2020-07-22 23:19:27.130,0.00021461624471733336,76525568.0,1.0,129.0,2.024919,2.0,8362713088.0
2020-07-22 23:19:32.130,0.00024067219501944443,88084480.0,1.0,152.0,2.024919,2.0,8362713088.0
2020-07-22 23:19:37.130,0.00028540240948571425,64249856.0,1.0,170.0,2.024919,2.0,8362713088.0
2020-07-22 23:19:42.130,0.0003117024926604166,128544768.0,1.0,189.0,2.024919,2.0,8362713088.0
2020-07-22 23:19:47.130,0.0003542232491433333,90550272.0,1.0,213.0,2.024919,2.0,8362713088.0
2020-07-22 23:19:52.130,0.00038226655385100003,113754112.0,1.0,233.0,2.024919,2.0,8362713088.0
2020-07-22 23:19:57.130,0.05581545640192334,39428096.0,1.0,246.0,2.024919,2.0,8362713088.0
2020-07-22 23:20:02.130,0.13514457005502215,106098688.0,1.0,270.0,2.024919,2.0,8362713088.0
2020-07-22 23:20:07.130,0.17801720053055395,121004032.0,1.0,288.0,2.024919,2.0,8362713088.0
2020-07-22 23:20:12.130,0.2474190747223197,104747008.0,1.0,309.0,2.024919,2.0,8362713088.0
2020-07-22 23:20:17.130,0.29392048289789635,129998848.0,1.0,308.0,2.024919,2.0,8362713088.0
2020-07-22 23:20:22.130,0.3472885411970954,115597312.0,1.0,301.0,2.024919,2.0,8362713088.0
2020-07-22 23:20:27.130,0.408132360150507,54439936.0,1.0,283.0,2.024919,2.0,8362713088.0
2020-07-22 23:20:32.130,0.45791580298795515,72835072.0,1.0,261.0,2.024919,2.0,8362713088.0
2020-07-22 23:20:37.130,0.5217391667972142,136945664.0,1.0,248.0,2.024919,2.0,8362713088.0
2020-07-22 23:20:42.130,0.5689433917560439,90767360.0,1.0,225.0,2.024919,2.0,8362713088.0
2020-07-22 23:20:47.130,0.6259170351389591,138526720.0,1.0,202.0,2.024919,2.0,8362713088.0
2020-07-22 23:20:52.130,0.6809420909090909,135725056.0,1.0,180.0,2.024919,2.0,8362713088.0
2020-07-22 23:20:57.130,0.6940609610727272,128192512.0,1.0,163.0,2.024919,2.0,8362713088.0
2020-07-22 23:21:02.130,0.7754093077636364,125136896.0,1.0,142.0,2.024919,2.0,8362713088.0
2020-07-22 23:21:07.130,0.8453354910363635,109432832.0,1.0,130.0,2.024919,2.0,8362713088.0
2020-07-22 23:21:12.130,0.8896009685454545,82173952.0,1.0,112.0,2.024919,2.0,8362713088.0
2020-07-22 23:21:17.130,0.9778415694545455,106676224.0,1.0,94.0,2.024919,2.0,8362713088.0
2020-07-22 23:21:22.130,1.0211445867818183,67022848.0,1.0,85.0,2.024919,2.0,8362713088.0
2020-07-22 23:21:27.130,1.0896642281818183,137768960.0,1.0,83.0,2.024919,2.0,8362713088.0
2020-07-22 23:21:32.130,1.172598083472727,149155840.0,1.0,84.0,2.024919,2.0,8362713088.0
2020-07-22 23:21:37.130,1.207929636272727,131739648.0,1.0,81.0,2.024919,2.0,8362713088.0
2020-07-22 23:21:42.130,1.3072412266,108257280.0,1.0,80.0,2.024919,2.0,8362713088.0
2020-07-22 23:21:47.130,1.3429795410545453,141332480.0,1.0,83.0,3.006716,2.0,8362713088.0
2020-07-22 23:21:52.130,1.3759866112363635,165326848.0,1.0,87.0,3.006716,2.0,8362713088.0
2020-07-22 23:21:57.130,1.3844625664363637,96378880.0,1.0,86.0,3.006716,2.0,8362713088.0
2020-07-22 23:22:02.130,1.4092427592909087,132034560.0,1.0,85.0,3.006716,2.0,8362713088.0
2020-07-22 23:22:07.130,1.4475110944181817,122785792.0,1.0,83.0,3.006716,2.0,8362713088.0
2020-07-22 23:22:12.130,1.4614728745636363,124731392.0,1.0,78.0,3.006716,2.0,8362713088.0
2020-07-22 23:22:17.130,1.4916647458363634,132599808.0,1.0,80.0,3.006716,2.0,8362713088.0
2020-07-22 23:22:22.130,1.5251865242,87441408.0,1.0,79.0,3.006716,2.0,8362713088.0
2020-07-22 23:22:27.130,1.5269361279272728,109408256.0,1.0,79.0,3.006716,2.0,8362713088.0
2020-07-22 23:22:32.130,1.6023465243454547,100356096.0,1.0,84.0,4.769729,2.0,8362713088.0
2020-07-22 23:22:37.130,1.5577733964334726,149254144.0,1.0,82.0,4.769729,2.0,8362713088.0
2020-07-22 23:22:42.130,1.612877967825845,84692992.0,1.0,82.0,4.769729,2.0,8362713088.0
2020-07-22 23:22:47.130,1.6342286418801955,94748672.0,1.0,82.0,1.274454,2.0,8362713088.0
2020-07-22 23:22:52.130,1.6285972895373735,169635840.0,1.0,78.0,1.274454,2.0,8362713088.0
2020-07-22 23:22:57.130,1.619460532028283,161275904.0,1.0,80.0,1.274454,2.0,8362713088.0
2020-07-22 23:23:02.130,1.631415708519192,133271552.0,1.0,86.0,1.274454,2.0,8362713088.0
2020-07-22 23:23:07.130,1.6236408057191918,111894528.0,1.0,84.0,1.274454,2.0,8362713088.0
2020-07-22 23:23:12.130,1.6294481637919194,126775296.0,1.0,84.0,1.274454,2.0,8362713088.0
2020-07-22 23:23:17.130,1.6003974781191919,197775360.0,1.0,81.0,1.274454,2.0,8362713088.0
2020-07-22 23:23:22.130,1.6383550300828282,163655680.0,1.0,82.0,1.274454,2.0,8362713088.0
2020-07-22 23:23:27.130,1.5920557603945515,141459456.0,1.0,83.0,1.274454,2.0,8362713088.0
2020-07-22 23:23:32.130,1.6270728687396245,138797056.0,1.0,80.0,1.274454,2.0,8362713088.0
2020-07-22 23:23:37.130,1.6572707776414062,150978560.0,1.0,78.0,1.274454,2.0,8362713088.0
2020-07-22 23:23:42.130,1.630260642254545,159698944.0,1.0,79.0,1.274454,2.0,8362713088.0
2020-07-22 23:23:47.130,1.6348868493272728,182784000.0,1.0,80.0,1.274454,2.0,8362713088.0
2020-07-22 23:23:52.130,1.6330997376909089,159076352.0,1.0,81.0,1.274454,2.0,8362713088.0
2020-07-22 23:23:57.130,1.6535496548181816,198643712.0,1.0,83.0,1.274454,2.0,8362713088.0
2020-07-22 23:24:02.130,1.7021645812,214560768.0,1.0,79.0,1.274454,2.0,8362713088.0
2020-07-22 23:24:07.130,1.6871490869818182,134283264.0,1.0,78.0,1.274454,2.0,8362713088.0
2020-07-22 23:24:12.130,1.7170015496727271,93556736.0,1.0,80.0,1.274454,2.0,8362713088.0
2020-07-22 23:24:17.130,1.6652608348,131272704.0,1.0,91.0,1.274454,2.0,8362713088.0
2020-07-22 23:24:22.130,1.7327540626517266,127524864.0,1.0,107.0,1.274454,2.0,8362713088.0
2020-07-22 23:24:27.130,1.7286229107441093,110088192.0,1.0,135.0,1.274454,2.0,8362713088.0
2020-07-22 23:24:32.130,1.706670909439467,147357696.0,1.0,144.0,1.274454,2.0,8362713088.0
2020-07-22 23:24:37.130,1.7262776015723382,110428160.0,1.0,173.0,1.274454,2.0,8362713088.0
2020-07-22 23:24:42.130,1.7309020076739212,122642432.0,1.0,193.0,1.274454,2.0,8362713088.0
2020-07-22 23:24:47.130,1.7382372561443467,138403840.0,1.0,208.0,1.274454,2.0,8362713088.0
2020-07-22 23:24:52.130,1.7338448598959162,132960256.0,1.0,230.0,1.274454,2.0,8362713088.0
2020-07-22 23:24:57.130,1.675525353233093,210358272.0,1.0,246.0,1.274454,2.0,8362713088.0
2020-07-22 23:25:02.130,1.683227764369382,149667840.0,1.0,260.0,1.274454,2.0,8362713088.0
2020-07-22 23:25:07.130,1.7163344321750595,188375040.0,1.0,284.0,1.274454,2.0,8362713088.0
2020-07-22 23:25:12.130,1.7056449076209965,118689792.0,1.0,301.0,1.274454,2.0,8362713088.0
2020-07-22 23:25:17.130,1.6631026438361534,203722752.0,1.0,311.0,1.274454,2.0,8362713088.0
2020-07-22 23:25:22.130,1.6723268742051713,149528576.0,1.0,301.0,1.274454,2.0,8362713088.0
2020-07-22 23:25:27.130,1.6584291327919682,86790144.0,1.0,275.0,1.274454,2.0,8362713088.0
2020-07-22 23:25:32.130,1.655346871215157,154140672.0,1.0,266.0,1.274454,2.0,8362713088.0
2020-07-22 23:25:37.130,1.6970793073446393,172355584.0,1.0,234.0,1.274454,2.0,8362713088.0
2020-07-22 23:25:42.130,1.6788420691662043,171364352.0,1.0,214.0,1.274454,2.0,8362713088.0
2020-07-22 23:25:47.130,1.6402018870302133,154550272.0,1.0,197.0,1.274454,2.0,8362713088.0
2020-07-22 23:25:52.130,1.6527814352222683,144490496.0,1.0,177.0,1.274454,2.0,8362713088.0
2020-07-22 23:25:57.130,1.6964363785345418,156082176.0,1.0,162.0,1.274454,2.0,8362713088.0
2020-07-22 23:26:02.130,1.6396023091141667,77901824.0,1.0,147.0,1.274454,2.0,8362713088.0
2020-07-22 23:26:07.130,1.6832522876132239,187109376.0,1.0,124.0,1.274454,2.0,8362713088.0
2020-07-22 23:26:12.130,1.7025545324001405,166137856.0,1.0,108.0,1.274454,2.0,8362713088.0
2020-07-22 23:26:17.130,1.6790537730595123,107696128.0,1.0,91.0,1.274454,2.0,8362713088.0
2020-07-22 23:26:22.130,1.64456470944017,140759040.0,1.0,83.0,1.274454,2.0,8362713088.0
2020-07-22 23:26:27.130,1.679932948496124,149651456.0,1.0,84.0,1.274454,2.0,8362713088.0
2020-07-22 23:26:32.130,1.646249421506406,190164992.0,1.0,82.0,1.274454,2.0,8362713088.0
2020-07-22 23:26:37.130,1.6412747792842248,161456128.0,1.0,84.0,1.274454,2.0,8362713088.0
2020-07-22 23:26:42.130,1.6515658410847553,130191360.0,1.0,83.0,1.274454,2.0,8362713088.0
2020-07-22 23:26:47.130,1.6543093419065287,156561408.0,1.0,86.0,1.274454,2.0,8362713088.0
2020-07-22 23:26:52.130,1.647195631801693,181563392.0,1.0,86.0,1.274454,2.0,8362713088.0
2020-07-22 23:26:57.130,1.639624821752029,199229440.0,1.0,83.0,1.274454,2.0,8362713088.0
2020-07-22 23:27:02.130,1.612444576472767,144330752.0,1.0,83.0,1.274454,2.0,8362713088.0
2020-07-22 23:27:07.130,1.6114762938897913,170336256.0,1.0,84.0,1.274454,2.0,8362713088.0
2020-07-22 23:27:12.130,1.625446738208257,176009216.0,1.0,86.0,1.274454,2.0,8362713088.0
2020-07-22 23:27:17.130,1.6587499720978944,133586944.0,1.0,86.0,1.369583,2.0,8362713088.0
2020-07-22 23:27:22.130,1.6099475186677248,204300288.0,1.0,85.0,1.369583,2.0,8362713088.0
2020-07-22 23:27:27.130,1.610150849679895,182779904.0,1.0,83.0,4.381149000000001,2.0,8362713088.0
2020-07-22 23:27:32.130,1.6203086245520169,145825792.0,1.0,83.0,2.31162,2.0,8362713088.0
2020-07-22 23:27:37.130,1.633857322307522,99844096.0,1.0,86.0,2.31162,2.0,8362713088.0
2020-07-22 23:27:42.130,1.626465634134006,135667712.0,1.0,85.0,2.31162,2.0,8362713088.0
2020-07-22 23:27:47.130,1.60029972855221,181600256.0,1.0,84.0,2.31162,2.0,8362713088.0
2020-07-22 23:27:52.130,1.6688361260886153,166887424.0,1.0,83.0,2.31162,2.0,8362713088.0
2020-07-22 23:27:57.130,1.6639390515645736,210132992.0,1.0,85.0,2.31162,2.0,8362713088.0
2020-07-22 23:28:02.130,1.6475909298545452,160141312.0,1.0,81.0,2.31162,2.0,8362713088.0
2020-07-22 23:28:07.130,1.675972239890908,217554944.0,1.0,82.0,2.31162,2.0,8362713088.0
2020-07-22 23:28:12.130,1.6305244932000003,192716800.0,1.0,84.0,2.31162,2.0,8362713088.0
2020-07-22 23:28:17.130,1.6794973495336276,187973632.0,1.0,82.0,2.31162,2.0,8362713088.0
2020-07-22 23:28:22.130,1.6855826921454546,121577472.0,1.0,80.0,2.31162,2.0,8362713088.0
2020-07-22 23:28:27.130,1.6587318075853166,165462016.0,1.0,82.0,2.31162,2.0,8362713088.0
2020-07-22 23:28:32.130,1.6681412342545459,224399360.0,1.0,84.0,2.31162,2.0,8362713088.0
2020-07-22 23:28:37.130,1.681024102727272,166866944.0,1.0,84.0,2.31162,2.0,8362713088.0
2020-07-22 23:28:42.130,1.6943223177454547,199921664.0,1.0,85.0,1.88189,2.0,8362713088.0
2020-07-22 23:28:47.130,1.6452869955453735,156696576.0,1.0,84.0,1.88189,2.0,8362713088.0
2020-07-22 23:28:52.130,1.6654422773384239,190038016.0,1.0,85.0,1.88189,2.0,8362713088.0
2020-07-22 23:28:57.130,1.6667177996000004,171245568.0,1.0,82.0,1.88189,2.0,8362713088.0
2020-07-22 23:29:02.130,1.6424366699754573,189063168.0,1.0,84.0,1.88189,2.0,8362713088.0
2020-07-22 23:29:07.130,1.6652145010272907,194789376.0,1.0,82.0,1.88189,2.0,8362713088.0
2020-07-22 23:29:12.130,1.666571429906542,179396608.0,1.0,83.0,1.88189,2.0,8362713088.0
2020-07-22 23:29:17.130,1.6321078551662693,123355136.0,1.0,86.0,1.88189,2.0,8362713088.0
2020-07-22 23:29:22.130,1.6675080896198113,163758080.0,1.0,109.0,1.88189,2.0,8362713088.0
2020-07-22 23:29:27.130,1.6649944372181817,219443200.0,1.0,129.0,1.88189,2.0,8362713088.0
2020-07-22 23:29:32.130,1.6339151410727268,168992768.0,1.0,148.0,1.88189,2.0,8362713088.0
2020-07-22 23:29:37.130,1.6309579546190076,195502080.0,1.0,161.0,1.88189,2.0,8362713088.0
2020-07-22 23:29:42.130,1.633944301654545,139661312.0,1.0,187.0,1.88189,2.0,8362713088.0
2020-07-22 23:29:47.130,1.6450819241763042,153071616.0,1.0,202.0,1.88189,2.0,8362713088.0
2020-07-22 23:29:52.130,1.6641794781636363,200192000.0,1.0,218.0,1.88189,2.0,8362713088.0
2020-07-22 23:29:57.130,1.660629206269547,199417856.0,1.0,238.0,1.88189,2.0,8362713088.0
2020-07-22 23:30:02.130,1.6715107525272717,188473344.0,1.0,261.0,1.88189,2.0,8362713088.0
2020-07-22 23:30:07.130,1.6648110219454546,172703744.0,1.0,282.0,1.88189,2.0,8362713088.0
2020-07-22 23:30:12.130,1.6786102750959115,196583424.0,1.0,294.0,1.88189,2.0,8362713088.0
2020-07-22 23:30:17.130,1.6681786933636358,157712384.0,1.0,307.0,2.247027,2.0,8362713088.0
2020-07-22 23:30:22.130,1.672069014145198,203026432.0,1.0,295.0,2.247027,2.0,8362713088.0
2020-07-22 23:30:27.130,1.6725780559080747,186658816.0,1.0,277.0,2.247027,2.0,8362713088.0
2020-07-22 23:30:32.130,1.6834044277272728,201752576.0,1.0,257.0,2.247027,2.0,8362713088.0
2020-07-22 23:30:37.130,1.6938246840909095,208560128.0,1.0,243.0,2.247027,2.0,8362713088.0
2020-07-22 23:30:42.130,1.6591379240895283,160231424.0,1.0,217.0,2.247027,2.0,8362713088.0
2020-07-22 23:30:47.130,1.638614571374032,178520064.0,1.0,199.0,2.247027,2.0,8362713088.0
2020-07-22 23:30:52.130,1.6736918125784106,174800896.0,1.0,182.0,2.247027,2.0,8362713088.0
2020-07-22 23:30:57.130,1.646919697331741,199614464.0,1.0,164.0,2.247027,2.0,8362713088.0
2020-07-22 23:31:02.130,1.6435717124878486,117551104.0,1.0,144.0,2.247027,2.0,8362713088.0
2020-07-22 23:31:07.130,1.6544375714663837,184246272.0,1.0,124.0,2.247027,2.0,8362713088.0
2020-07-22 23:31:12.130,1.6616622224137965,204341248.0,1.0,110.0,2.247027,2.0,8362713088.0
2020-07-22 23:31:17.130,1.6421422937971335,199081984.0,1.0,95.0,2.247027,2.0,8362713088.0
2020-07-22 23:31:22.130,1.6425105521108327,170442752.0,1.0,89.0,2.247027,2.0,8362713088.0
2020-07-22 23:31:27.130,1.6302034443911897,212574208.0,1.0,86.0,2.247027,2.0,8362713088.0
2020-07-22 23:31:32.130,1.6482964967699547,205778944.0,1.0,86.0,2.247027,2.0,8362713088.0
2020-07-22 23:31:37.130,1.6579673889551874,161173504.0,1.0,87.0,2.247027,2.0,8362713088.0
2020-07-22 23:31:42.130,1.6667142032254585,241229824.0,1.0,87.0,2.247027,2.0,8362713088.0
2020-07-22 23:31:47.130,1.6426153423107606,215642112.0,1.0,86.0,2.247027,2.0,8362713088.0
2020-07-22 23:31:52.130,1.6471276402493902,210206720.0,1.0,85.0,2.247027,2.0,8362713088.0
2020-07-22 23:31:57.130,1.638694666690909,165670912.0,1.0,87.0,2.247027,2.0,8362713088.0
2020-07-22 23:32:02.130,1.6621330411628883,274452480.0,1.0,87.0,2.247027,2.0,8362713088.0
2020-07-22 23:32:07.130,1.6648420522727272,243945472.0,1.0,88.0,2.247027,2.0,8362713088.0
2020-07-22 23:32:12.130,1.6597939421465064,203853824.0,1.0,89.0,4.3258469999999996,2.0,8362713088.0
2020-07-22 23:32:17.130,1.676362800145454,131907584.0,1.0,89.0,4.3258469999999996,2.0,8362713088.0
2020-07-22 23:32:22.130,1.6653456709272723,200167424.0,1.0,89.0,4.3258469999999996,2.0,8362713088.0
2020-07-22 23:32:27.130,1.676640996763929,158060544.0,1.0,89.0,2.8255500000000002,2.0,8362713088.0
2020-07-22 23:32:32.130,1.637371738909091,199860224.0,1.0,88.0,2.8255500000000002,2.0,8362713088.0
2020-07-22 23:32:37.130,1.643399557319225,185294848.0,1.0,85.0,5.074325,2.0,8362713088.0
2020-07-22 23:32:42.130,1.6426399290168903,167161856.0,1.0,86.0,5.074325,2.0,8362713088.0
2020-07-22 23:32:47.130,1.6966492378225055,244719616.0,1.0,86.0,5.074325,2.0,8362713088.0
2020-07-22 23:32:52.130,1.6824726407090898,205910016.0,1.0,89.0,5.074325,2.0,8362713088.0
2020-07-22 23:32:57.130,1.6552179921471681,249946112.0,1.0,88.0,5.074325,2.0,8362713088.0
2020-07-22 23:33:02.130,1.6251805863636364,265289728.0,1.0,88.0,5.074325,2.0,8362713088.0
2020-07-22 23:33:07.130,1.6478762821505843,212058112.0,1.0,88.0,5.074325,2.0,8362713088.0
2020-07-22 23:33:12.130,1.6537905956909098,211791872.0,1.0,89.0,5.074325,2.0,8362713088.0
2020-07-22 23:33:17.130,1.659124609054546,231813120.0,1.0,89.0,5.074325,2.0,8362713088.0
2020-07-22 23:33:22.130,1.661000302554779,242774016.0,1.0,88.0,5.074325,2.0,8362713088.0
2020-07-22 23:33:27.130,1.6905667241059577,255016960.0,1.0,87.0,5.074325,2.0,8362713088.0
2020-07-22 23:33:32.130,1.662506117425687,215334912.0,1.0,85.0,5.074325,2.0,8362713088.0
2020-07-22 23:33:37.130,1.676678999,272498688.0,1.0,87.0,5.074325,2.0,8362713088.0
2020-07-22 23:33:42.130,1.6455340207268965,252497920.0,1.0,84.0,5.074325,2.0,8362713088.0
2020-07-22 23:33:47.130,1.6431963695272735,228188160.0,1.0,84.0,5.074325,2.0,8362713088.0
2020-07-22 23:33:52.130,1.6394507652899768,194330624.0,1.0,84.0,5.074325,2.0,8362713088.0
2020-07-22 23:33:57.130,1.668946420199999,207958016.0,1.0,85.0,5.074325,2.0,8362713088.0
2020-07-22 23:34:02.130,1.6681957398363652,240930816.0,1.0,86.0,5.074325,2.0,8362713088.0
2020-07-22 23:34:07.130,1.6647682253454517,174985216.0,1.0,86.0,5.074325,2.0,8362713088.0
2020-07-22 23:34:12.130,1.6778194427010422,241094656.0,1.0,87.0,5.074325,2.0,8362713088.0
2020-07-22 23:34:17.130,1.6368294931090908,238518272.0,1.0,87.0,5.074325,2.0,8362713088.0
2020-07-22 23:34:22.130,1.6402334024691798,220569600.0,1.0,91.0,5.074325,2.0,8362713088.0
2020-07-22 23:34:27.130,1.6665234896263301,248995840.0,1.0,111.0,5.074325,2.0,8362713088.0
2020-07-22 23:34:32.130,1.6291157181090912,170500096.0,1.0,146.0,5.074325,2.0,8362713088.0
2020-07-22 23:34:37.130,1.6561508976163193,230985728.0,1.0,157.0,5.074325,2.0,8362713088.0
2020-07-22 23:34:42.130,1.6853721968730113,254410752.0,1.0,176.0,5.074325,2.0,8362713088.0
2020-07-22 23:34:47.130,1.6818703510727275,192262144.0,1.0,203.0,5.074325,2.0,8362713088.0
2020-07-22 23:34:52.130,1.6744804011272723,205373440.0,1.0,222.0,5.074325,2.0,8362713088.0
2020-07-22 23:34:57.130,1.6612775147090888,259506176.0,1.0,233.0,5.074325,2.0,8362713088.0
2020-07-22 23:35:02.130,1.6606200083636404,201207808.0,1.0,252.0,5.074325,2.0,8362713088.0
2020-07-22 23:35:07.130,1.6577502421818189,187269120.0,1.0,270.0,5.074325,2.0,8362713088.0
2020-07-22 23:35:12.130,1.6654690578545446,238002176.0,1.0,273.0,5.074325,2.0,8362713088.0
2020-07-22 23:35:17.130,1.6770668172727274,206155776.0,1.0,297.0,5.074325,2.0,8362713088.0
2020-07-22 23:35:22.130,1.6619511679090921,185233408.0,1.0,303.0,5.074325,2.0,8362713088.0
2020-07-22 23:35:27.130,1.6637846799818172,235409408.0,1.0,283.0,5.074325,2.0,8362713088.0
2020-07-22 23:35:32.130,1.6484837337866596,206454784.0,1.0,249.0,5.074325,2.0,8362713088.0
2020-07-22 23:35:37.130,1.6585205772237974,189288448.0,1.0,240.0,5.074325,2.0,8362713088.0
2020-07-22 23:35:42.130,1.6666717585636366,221356032.0,1.0,222.0,5.074325,2.0,8362713088.0
2020-07-22 23:35:47.130,1.654730888672728,189149184.0,1.0,199.0,5.074325,2.0,8362713088.0
2020-07-22 23:35:52.130,1.6658412904310833,218267648.0,1.0,176.0,5.074325,2.0,8362713088.0
2020-07-22 23:35:57.130,1.6541874996000139,296955904.0,1.0,159.0,5.074325,2.0,8362713088.0
2020-07-22 23:36:02.130,1.646927776076796,265621504.0,1.0,136.0,5.074325,2.0,8362713088.0
2020-07-22 23:36:07.130,1.6535104339272724,217538560.0,1.0,118.0,5.074325,2.0,8362713088.0
2020-07-22 23:36:12.130,1.653292861745456,247545856.0,1.0,118.0,5.074325,2.0,8362713088.0
2020-07-22 23:36:17.130,1.6667825790363635,241950720.0,1.0,96.0,5.074325,2.0,8362713088.0
2020-07-22 23:36:22.130,1.6811570741986497,165728256.0,1.0,88.0,5.074325,2.0,8362713088.0
2020-07-22 23:36:27.130,1.6304971178021423,293814272.0,1.0,89.0,5.074325,2.0,8362713088.0
2020-07-22 23:36:32.130,1.6065389653084594,244174848.0,1.0,90.0,5.074325,2.0,8362713088.0
2020-07-22 23:36:37.130,1.6242324279454554,253566976.0,1.0,88.0,5.074325,2.0,8362713088.0
2020-07-22 23:36:42.130,1.598633276594972,257175552.0,1.0,89.0,5.074325,2.0,8362713088.0
2020-07-22 23:36:47.130,1.6170684637818193,223649792.0,1.0,91.0,5.074325,2.0,8362713088.0
2020-07-22 23:36:52.130,1.611773688443214,147574784.0,1.0,91.0,5.074325,2.0,8362713088.0
2020-07-22 23:36:57.130,1.6367795456743903,292388864.0,1.0,92.0,5.074325,2.0,8362713088.0
2020-07-22 23:37:02.130,1.626533732841221,268746752.0,1.0,93.0,4.3936530000000005,2.0,8362713088.0
2020-07-22 23:37:07.130,1.631528469753995,249974784.0,1.0,92.0,4.3936530000000005,2.0,8362713088.0
2020-07-22 23:37:12.130,1.616164549171833,241156096.0,1.0,91.0,4.3936530000000005,2.0,8362713088.0
2020-07-22 23:37:17.130,1.6148566547642884,281686016.0,1.0,91.0,4.3936530000000005,2.0,8362713088.0
2020-07-22 23:37:22.130,1.6663303956655333,209899520.0,1.0,90.0,4.3936530000000005,2.0,8362713088.0
2020-07-22 23:37:27.130,1.6510681615548242,268099584.0,1.0,90.0,4.3936530000000005,2.0,8362713088.0
2020-07-22 23:37:32.130,1.638642268109088,253652992.0,1.0,90.0,4.3936530000000005,2.0,8362713088.0
2020-07-22 23:37:37.130,1.700745461862943,269811712.0,1.0,89.0,4.3936530000000005,2.0,8362713088.0
2020-07-22 23:37:42.130,1.659548653593701,220172288.0,1.0,88.0,4.3936530000000005,2.0,8362713088.0
2020-07-22 23:37:47.130,1.675452985455868,205266944.0,1.0,89.0,4.3936530000000005,2.0,8362713088.0
2020-07-22 23:37:52.130,1.636289792854544,279691264.0,1.0,90.0,4.3936530000000005,2.0,8362713088.0
2020-07-22 23:37:57.130,1.6532209135075182,291889152.0,1.0,91.0,4.3936530000000005,2.0,8362713088.0
2020-07-22 23:38:02.130,1.6700657460773423,299130880.0,1.0,92.0,4.3936530000000005,2.0,8362713088.0
2020-07-22 23:38:07.130,1.6620591749668185,341737472.0,1.0,92.0,4.3936530000000005,2.0,8362713088.0
2020-07-22 23:38:12.130,1.6825408313513688,267038720.0,1.0,92.0,4.3936530000000005,2.0,8362713088.0
2020-07-22 23:38:17.130,1.6712345797378125,317865984.0,1.0,92.0,4.3936530000000005,2.0,8362713088.0
2020-07-22 23:38:22.130,1.6839247545502483,302981120.0,1.0,93.0,4.3936530000000005,2.0,8362713088.0
2020-07-22 23:38:27.130,1.6671103027944962,294862848.0,1.0,91.0,4.3936530000000005,2.0,8362713088.0
2020-07-22 23:38:32.130,1.6347678842021056,236470272.0,1.0,90.0,4.3936530000000005,2.0,8362713088.0
2020-07-22 23:38:37.130,1.661487079163637,266731520.0,1.0,90.0,4.3936530000000005,2.0,8362713088.0
2020-07-22 23:38:42.130,1.6602007411084458,290709504.0,1.0,91.0,4.3936530000000005,2.0,8362713088.0
2020-07-22 23:38:47.130,1.6641981830279253,339492864.0,1.0,91.0,4.3936530000000005,2.0,8362713088.0
2020-07-22 23:38:52.130,1.6780032593090908,327168000.0,1.0,91.0,4.3936530000000005,2.0,8362713088.0
2020-07-22 23:38:57.130,1.6507626326545466,284626944.0,1.0,93.0,4.3936530000000005,2.0,8362713088.0
2020-07-22 23:39:02.130,1.6611051216909078,307277824.0,1.0,92.0,4.3936530000000005,2.0,8362713088.0
2020-07-22 23:39:07.130,1.650384146400001,258342912.0,1.0,91.0,4.3936530000000005,2.0,8362713088.0
2020-07-22 23:39:12.130,1.641149006690788,295497728.0,1.0,90.0,4.3936530000000005,2.0,8362713088.0
2020-07-22 23:39:17.130,1.6355217711272738,328716288.0,1.0,92.0,4.3936530000000005,2.0,8362713088.0
2020-07-22 23:39:22.130,1.6555654954363632,324644864.0,1.0,92.0,4.3936530000000005,2.0,8362713088.0
2020-07-22 23:39:27.130,1.6447459193076233,335568896.0,1.0,96.0,4.3936530000000005,2.0,8362713088.0
2020-07-22 23:39:32.130,1.658208839021106,330235904.0,1.0,124.0,4.3936530000000005,2.0,8362713088.0
2020-07-22 23:39:37.130,1.6694760376363629,320446464.0,1.0,152.0,4.3936530000000005,2.0,8362713088.0
2020-07-22 23:39:42.130,1.6562449596304902,299704320.0,1.0,167.0,4.3936530000000005,2.0,8362713088.0
2020-07-22 23:39:47.130,1.6705837552226341,286629888.0,1.0,173.0,4.3936530000000005,2.0,8362713088.0
2020-07-22 23:39:52.130,1.6434883337393642,300318720.0,1.0,214.0,4.3936530000000005,2.0,8362713088.0
2020-07-22 23:39:57.130,1.6418109525454534,289185792.0,1.0,227.0,4.3936530000000005,2.0,8362713088.0
2020-07-22 23:40:02.130,1.6349534236887557,335278080.0,1.0,235.0,4.3936530000000005,2.0,8362713088.0
2020-07-22 23:40:07.130,1.6586121345842644,380702720.0,1.0,258.0,4.3936530000000005,2.0,8362713088.0
2020-07-22 23:40:12.130,1.6714772275594973,299741184.0,1.0,284.0,4.3936530000000005,2.0,8362713088.0
2020-07-22 23:40:17.130,1.665081346388117,324501504.0,1.0,285.0,4.3936530000000005,2.0,8362713088.0
2020-07-22 23:40:22.130,1.6897145456363631,365682688.0,1.0,282.0,4.3936530000000005,2.0,8362713088.0
2020-07-22 23:40:27.130,1.6642825160093833,356560896.0,1.0,283.0,4.3936530000000005,2.0,8362713088.0
2020-07-22 23:40:32.130,1.6445283322605855,359038976.0,1.0,253.0,4.3936530000000005,2.0,8362713088.0
2020-07-22 23:40:37.130,1.669904217981818,270053376.0,1.0,228.0,4.3936530000000005,2.0,8362713088.0
2020-07-22 23:40:42.130,1.633903046055382,351883264.0,1.0,221.0,4.3936530000000005,2.0,8362713088.0
2020-07-22 23:40:47.130,1.6604255483407584,338116608.0,1.0,216.0,4.3936530000000005,2.0,8362713088.0
2020-07-22 23:40:52.130,1.6611970190360184,345104384.0,1.0,177.0,4.3936530000000005,2.0,8362713088.0
2020-07-22 23:40:57.130,1.6815726359983256,319033344.0,1.0,164.0,4.3936530000000005,2.0,8362713088.0
2020-07-22 23:41:02.130,1.6683060114363653,303321088.0,1.0,155.0,4.3936530000000005,2.0,8362713088.0
2020-07-22 23:41:07.130,1.667738915854546,445726720.0,1.0,134.0,4.3936530000000005,2.0,8362713088.0
2020-07-22 23:41:12.130,1.662733995363721,347058176.0,1.0,98.0,4.3936530000000005,2.0,8362713088.0
2020-07-22 23:41:17.130,1.6569951526517694,434245632.0,1.0,94.0,4.3936530000000005,2.0,8362713088.0
2020-07-22 23:41:22.130,1.6455568845636366,371183616.0,1.0,97.0,4.3936530000000005,2.0,8362713088.0
2020-07-22 23:41:27.130,1.6604239978895954,393916416.0,1.0,97.0,4.3936530000000005,2.0,8362713088.0
2020-07-22 23:41:32.130,1.6682197090138084,283054080.0,1.0,97.0,4.3936530000000005,2.0,8362713088.0
2020-07-22 23:41:37.130,1.6575956267485257,327053312.0,1.0,98.0,4.3936530000000005,2.0,8362713088.0
2020-07-22 23:41:42.130,1.6516699317239814,352956416.0,1.0,95.0,4.3936530000000005,2.0,8362713088.0
2020-07-22 23:41:47.130,1.6744737800327,436924416.0,1.0,93.0,4.3936530000000005,2.0,8362713088.0
2020-07-22 23:41:52.130,1.6473266682067205,351932416.0,1.0,91.0,4.3936530000000005,2.0,8362713088.0
2020-07-22 23:41:57.130,1.6500975965730078,395493376.0,1.0,92.0,4.3936530000000005,2.0,8362713088.0
2020-07-22 23:42:02.130,1.6406744234061388,451473408.0,1.0,93.0,1.088946,2.0,8362713088.0
2020-07-22 23:42:07.130,1.6376949155614955,352948224.0,1.0,92.0,1.088946,2.0,8362713088.0
2020-07-22 23:42:12.130,1.6411639345089226,287174656.0,1.0,93.0,3.547892,2.0,8362713088.0
2020-07-22 23:42:17.130,1.6560939375840873,301080576.0,1.0,93.0,3.547892,2.0,8362713088.0
2020-07-22 23:42:22.130,1.6577041200567286,399241216.0,1.0,92.0,3.547892,2.0,8362713088.0
2020-07-22 23:42:27.130,1.655111247199999,380293120.0,1.0,93.0,3.547892,2.0,8362713088.0
2020-07-22 23:42:32.130,1.6714843706862044,315371520.0,1.0,94.0,3.547892,2.0,8362713088.0
2020-07-22 23:42:37.130,1.6714256509983152,343666688.0,1.0,93.0,3.547892,2.0,8362713088.0
2020-07-22 23:42:42.130,1.6541838923332501,351981568.0,1.0,93.0,3.547892,2.0,8362713088.0
2020-07-22 23:42:47.130,1.6558447930931834,311705600.0,1.0,93.0,3.547892,2.0,8362713088.0
2020-07-22 23:42:52.130,1.6626135036873224,352890880.0,1.0,93.0,3.547892,2.0,8362713088.0
2020-07-22 23:42:57.130,1.6441688104674508,432873472.0,1.0,94.0,3.547892,2.0,8362713088.0
2020-07-22 23:43:02.130,1.6657174918837927,355000320.0,1.0,94.0,3.547892,2.0,8362713088.0
2020-07-22 23:43:07.130,1.6488225799639071,380788736.0,1.0,94.0,3.547892,2.0,8362713088.0
2020-07-22 23:43:12.130,1.651945602697029,420634624.0,1.0,94.0,3.547892,2.0,8362713088.0
2020-07-22 23:43:17.130,1.6474486525905205,413921280.0,1.0,94.0,3.547892,2.0,8362713088.0
2020-07-22 23:43:22.130,1.6449246166325882,344391680.0,1.0,94.0,3.547892,2.0,8362713088.0
2020-07-22 23:43:27.130,1.6606439916909106,429867008.0,1.0,94.0,3.547892,2.0,8362713088.0
2020-07-22 23:43:32.130,1.6423678267272732,418516992.0,1.0,94.0,3.547892,2.0,8362713088.0
2020-07-22 23:43:37.130,1.6504859347343912,400654336.0,1.0,95.0,3.547892,2.0,8362713088.0
2020-07-22 23:43:42.130,1.653393740109093,393064448.0,1.0,95.0,3.547892,2.0,8362713088.0
2020-07-22 23:43:47.130,1.6545897147584514,394272768.0,1.0,95.0,3.547892,2.0,8362713088.0
2020-07-22 23:43:52.130,1.6692593415028827,442732544.0,1.0,96.0,3.547892,2.0,8362713088.0
2020-07-22 23:43:57.130,1.6645531900147277,356814848.0,1.0,97.0,3.547892,2.0,8362713088.0
2020-07-22 23:44:02.130,1.671210687763635,355692544.0,1.0,96.0,3.547892,2.0,8362713088.0
2020-07-22 23:44:07.130,1.6734615765272738,385568768.0,1.0,96.0,3.547892,2.0,8362713088.0
2020-07-22 23:44:12.130,1.6667786418909099,390455296.0,1.0,96.0,3.547892,2.0,8362713088.0
2020-07-22 23:44:17.130,1.6617248084147,412344320.0,1.0,97.0,3.547892,2.0,8362713088.0
2020-07-22 23:44:22.130,1.6465949043272723,361873408.0,1.0,97.0,3.547892,2.0,8362713088.0
2020-07-22 23:44:27.130,1.6916208694545458,312897536.0,1.0,98.0,3.547892,2.0,8362713088.0
2020-07-22 23:44:32.130,1.6710789223187965,406921216.0,1.0,100.0,3.547892,2.0,8362713088.0
2020-07-22 23:44:37.130,1.6716975502081752,449871872.0,1.0,144.0,3.547892,2.0,8362713088.0
2020-07-22 23:44:42.130,1.6607807504181828,337797120.0,1.0,159.0,3.547892,2.0,8362713088.0
2020-07-22 23:44:47.130,1.6577188807624457,391057408.0,1.0,161.0,3.547892,2.0,8362713088.0
2020-07-22 23:44:52.130,1.6650690036874503,433303552.0,1.0,178.0,3.547892,2.0,8362713088.0
2020-07-22 23:44:57.130,1.655574036918974,481275904.0,1.0,209.0,3.547892,2.0,8362713088.0
2020-07-22 23:45:02.130,1.6486114550906006,408424448.0,1.0,225.0,3.547892,2.0,8362713088.0
2020-07-22 23:45:07.130,1.661130103113288,410755072.0,1.0,234.0,3.547892,2.0,8362713088.0
2020-07-22 23:45:12.130,1.6591105420639856,426979328.0,1.0,256.0,1.786471,2.0,8362713088.0
2020-07-22 23:45:17.130,1.6758850513645713,444289024.0,1.0,282.0,1.786471,2.0,8362713088.0
2020-07-22 23:45:22.130,1.653299702618181,311517184.0,1.0,288.0,1.786471,2.0,8362713088.0
2020-07-22 23:45:27.130,1.6719985433818207,345374720.0,1.0,281.0,1.786471,2.0,8362713088.0
2020-07-22 23:45:32.130,1.6562958677430493,341762048.0,1.0,279.0,1.786471,2.0,8362713088.0
2020-07-22 23:45:37.130,1.659994683933018,365019136.0,1.0,232.0,1.786471,2.0,8362713088.0
2020-07-22 23:45:42.130,1.6642378347636344,498327552.0,1.0,212.0,1.786471,2.0,8362713088.0
2020-07-22 23:45:47.130,1.6482818959999992,412577792.0,1.0,203.0,1.786471,2.0,8362713088.0
2020-07-22 23:45:52.130,1.6705862077454572,414691328.0,1.0,187.0,1.786471,2.0,8362713088.0
2020-07-22 23:45:57.130,1.66289722570879,352133120.0,1.0,151.0,1.786471,2.0,8362713088.0
2020-07-22 23:46:02.130,1.644916656144448,451944448.0,1.0,134.0,1.786471,2.0,8362713088.0
2020-07-22 23:46:07.130,1.6583702257685198,395952128.0,1.0,127.0,1.786471,2.0,8362713088.0
2020-07-22 23:46:12.130,1.6472592118108838,425156608.0,1.0,110.0,1.786471,2.0,8362713088.0
2020-07-22 23:46:17.130,1.6560724075153024,458395648.0,1.0,100.0,1.786471,2.0,8362713088.0
2020-07-22 23:46:22.130,1.64736007139247,346992640.0,1.0,99.0,1.786471,2.0,8362713088.0
2020-07-22 23:46:27.130,1.6582211477735889,411017216.0,1.0,99.0,1.786471,2.0,8362713088.0
2020-07-22 23:46:32.130,1.659668643758052,281456640.0,1.0,100.0,1.786471,2.0,8362713088.0
2020-07-22 23:46:37.130,1.6607653479470699,387039232.0,1.0,100.0,1.786471,2.0,8362713088.0
2020-07-22 23:46:42.130,1.6477970829307078,415457280.0,1.0,99.0,1.786471,2.0,8362713088.0
2020-07-22 23:46:47.130,1.6340608634282159,299163648.0,1.0,100.0,1.786471,2.0,8362713088.0
2020-07-22 23:46:52.130,1.6525389399079988,519610368.0,1.0,99.0,1.786471,2.0,8362713088.0
2020-07-22 23:46:57.130,1.6825126959999999,480604160.0,1.0,100.0,1.786471,2.0,8362713088.0
2020-07-22 23:47:02.130,1.657950567036364,462237696.0,1.0,100.0,1.786471,2.0,8362713088.0
2020-07-22 23:47:07.130,1.6704037923454538,527089664.0,1.0,99.0,1.786471,2.0,8362713088.0
2020-07-22 23:47:12.130,1.6584101200181818,427048960.0,1.0,99.0,1.786471,2.0,8362713088.0
2020-07-22 23:47:17.130,1.6548658098510869,411406336.0,1.0,99.0,1.786471,2.0,8362713088.0
2020-07-22 23:47:22.130,1.6615175569010348,407609344.0,1.0,98.0,1.786471,2.0,8362713088.0
2020-07-22 23:47:27.130,1.6534966890181824,423219200.0,1.0,100.0,1.786471,2.0,8362713088.0
2020-07-22 23:47:32.130,1.6552183723205027,352006144.0,1.0,99.0,1.786471,2.0,8362713088.0
2020-07-22 23:47:37.130,1.6673693214311682,403996672.0,1.0,98.0,1.786471,2.0,8362713088.0
2020-07-22 23:47:42.130,1.676118101129113,372916224.0,1.0,98.0,1.786471,2.0,8362713088.0
2020-07-22 23:47:47.130,1.6709725378084022,400789504.0,1.0,99.0,1.786471,2.0,8362713088.0
2020-07-22 23:47:52.130,1.6582547127454546,379572224.0,1.0,99.0,1.786471,2.0,8362713088.0
2020-07-22 23:47:57.130,1.6581941589673657,468811776.0,1.0,100.0,1.786471,2.0,8362713088.0
2020-07-22 23:48:02.130,1.645716070309092,462598144.0,1.0,100.0,1.786471,2.0,8362713088.0
2020-07-22 23:48:07.130,1.6618604254259148,383385600.0,1.0,100.0,1.786471,2.0,8362713088.0
2020-07-22 23:48:12.130,1.671090959418182,522326016.0,1.0,101.0,1.786471,2.0,8362713088.0
2020-07-22 23:48:17.130,1.6658647634727277,317747200.0,1.0,100.0,1.786471,2.0,8362713088.0
2020-07-22 23:48:22.130,1.6726551669060565,459497472.0,1.0,98.0,1.786471,2.0,8362713088.0
2020-07-22 23:48:27.130,1.643470428353244,385208320.0,1.0,98.0,1.786471,2.0,8362713088.0
2020-07-22 23:48:32.130,1.6614590708246224,495730688.0,1.0,98.0,1.786471,2.0,8362713088.0
2020-07-22 23:48:37.130,1.6558680519090905,480477184.0,1.0,98.0,1.786471,2.0,8362713088.0
2020-07-22 23:48:42.130,1.65664391618182,453410816.0,1.0,98.0,1.786471,2.0,8362713088.0
2020-07-22 23:48:47.130,1.652461561854545,491565056.0,1.0,98.0,1.786471,2.0,8362713088.0
2020-07-22 23:48:52.130,1.6564808775706867,388218880.0,1.0,98.0,1.786471,2.0,8362713088.0
2020-07-22 23:48:57.130,1.6642119232391552,285794304.0,1.0,99.0,1.786471,2.0,8362713088.0
2020-07-22 23:49:02.130,1.6470088385847546,545017856.0,1.0,99.0,1.786471,2.0,8362713088.0
2020-07-22 23:49:07.130,1.6514291796149172,420765696.0,1.0,99.0,1.786471,2.0,8362713088.0
2020-07-22 23:49:12.130,1.6510715792181814,399319040.0,1.0,100.0,1.786471,2.0,8362713088.0
2020-07-22 23:49:17.130,1.6633243651884557,569704448.0,1.0,100.0,1.786471,2.0,8362713088.0
2020-07-22 23:49:22.130,1.6734584879002192,363515904.0,1.0,100.0,1.786471,2.0,8362713088.0
2020-07-22 23:49:27.130,1.6554577348545443,490409984.0,1.0,100.0,1.786471,2.0,8362713088.0
2020-07-22 23:49:32.130,1.6681753645272746,491900928.0,1.0,100.0,1.786471,2.0,8362713088.0
2020-07-22 23:49:37.130,1.6503865670466737,462983168.0,1.0,100.0,1.786471,2.0,8362713088.0
2020-07-22 23:49:42.130,1.6507346358909085,327311360.0,1.0,145.0,1.786471,2.0,8362713088.0
2020-07-22 23:49:47.130,1.6622912746363634,339701760.0,1.0,174.0,1.786471,2.0,8362713088.0
2020-07-22 23:49:52.130,1.6532436451935486,483762176.0,1.0,183.0,1.786471,2.0,8362713088.0
2020-07-22 23:49:57.130,1.6641855412545437,480456704.0,1.0,183.0,1.786471,2.0,8362713088.0
2020-07-22 23:50:02.130,1.6545537011218376,386494464.0,1.0,233.0,1.786471,2.0,8362713088.0
2020-07-22 23:50:07.130,1.6421019608035645,431079424.0,1.0,248.0,1.786471,2.0,8362713088.0
2020-07-22 23:50:12.130,1.6532726720000004,472088576.0,1.0,247.0,1.841732,2.0,8362713088.0
2020-07-22 23:50:17.130,1.6557616509936526,323350528.0,1.0,238.0,1.841732,2.0,8362713088.0
2020-07-22 23:50:22.130,1.6515893562727266,427384832.0,1.0,249.0,1.841732,2.0,8362713088.0
2020-07-22 23:50:27.130,1.653494823897312,343314432.0,1.0,257.0,1.841732,2.0,8362713088.0
2020-07-22 23:50:32.130,1.665992754822638,489857024.0,1.0,265.0,1.841732,2.0,8362713088.0
2020-07-22 23:50:37.130,1.6606053470727267,444514304.0,1.0,274.0,1.841732,2.0,8362713088.0
2020-07-22 23:50:42.130,1.6607320943818191,446275584.0,1.0,234.0,1.841732,2.0,8362713088.0
2020-07-22 23:50:47.130,1.672818487808869,418906112.0,1.0,203.0,1.841732,2.0,8362713088.0
2020-07-22 23:50:52.130,1.65637595607273,520146944.0,1.0,193.0,1.841732,2.0,8362713088.0
2020-07-22 23:50:57.130,1.668324254285664,392151040.0,1.0,189.0,1.841732,2.0,8362713088.0
2020-07-22 23:51:02.130,1.6761168596236018,541556736.0,1.0,138.0,1.841732,2.0,8362713088.0
2020-07-22 23:51:07.130,1.6545244918363635,576983040.0,1.0,116.0,1.841732,2.0,8362713088.0
2020-07-22 23:51:12.130,1.664469336448429,376807424.0,1.0,113.0,1.841732,2.0,8362713088.0
2020-07-22 23:51:17.130,1.650427277327273,346017792.0,1.0,108.0,1.841732,2.0,8362713088.0
2020-07-22 23:51:22.130,1.6578595169366714,409485312.0,1.0,107.0,1.841732,2.0,8362713088.0
2020-07-22 23:51:27.130,1.6505514855818169,456720384.0,1.0,106.0,1.841732,2.0,8362713088.0
2020-07-22 23:51:32.130,1.6628346649818175,484941824.0,1.0,108.0,1.841732,2.0,8362713088.0
2020-07-22 23:51:37.130,1.6637132014545446,443211776.0,1.0,107.0,1.841732,2.0,8362713088.0
2020-07-22 23:51:42.130,1.6397931819090918,413077504.0,1.0,105.0,1.841732,2.0,8362713088.0
2020-07-22 23:51:47.130,1.6679409457636358,571142144.0,1.0,102.0,1.841732,2.0,8362713088.0
2020-07-22 23:51:52.130,1.66346758475023,487714816.0,1.0,103.0,1.841732,2.0,8362713088.0
2020-07-22 23:51:57.130,1.6711104253740827,514707456.0,1.0,105.0,1.841732,2.0,8362713088.0
2020-07-22 23:52:02.130,1.659969862399998,419467264.0,1.0,106.0,1.841732,2.0,8362713088.0
2020-07-22 23:52:07.130,1.6629509348351805,387735552.0,1.0,106.0,1.841732,2.0,8362713088.0
2020-07-22 23:52:12.130,1.658653426592241,414932992.0,1.0,107.0,1.841732,2.0,8362713088.0
2020-07-22 23:52:17.130,1.6558634029818167,489410560.0,1.0,107.0,1.841732,2.0,8362713088.0
2020-07-22 23:52:22.130,1.6552102488772549,563556352.0,1.0,106.0,1.841732,2.0,8362713088.0
2020-07-22 23:52:27.130,1.6641678892545462,353304576.0,1.0,104.0,1.841732,2.0,8362713088.0
2020-07-22 23:52:32.130,1.646024226636365,366415872.0,1.0,105.0,1.841732,2.0,8362713088.0
2020-07-22 23:52:37.130,1.662601550600001,373129216.0,1.0,105.0,1.841732,2.0,8362713088.0
2020-07-22 23:52:42.130,1.6413948145239006,433664000.0,1.0,105.0,1.841732,2.0,8362713088.0
2020-07-22 23:52:47.130,1.6441037332727273,617226240.0,1.0,105.0,1.841732,2.0,8362713088.0
2020-07-22 23:52:52.130,1.6517984000072734,477339648.0,1.0,104.0,1.841732,2.0,8362713088.0
2020-07-22 23:52:57.130,1.6430060629443102,334700544.0,1.0,104.0,1.841732,2.0,8362713088.0
2020-07-22 23:53:02.130,1.6470053655388064,372383744.0,1.0,104.0,1.841732,2.0,8362713088.0
2020-07-22 23:53:07.130,1.6699294519900378,422359040.0,1.0,104.0,1.841732,2.0,8362713088.0
2020-07-22 23:53:12.130,1.6511639450767213,431366144.0,1.0,104.0,1.841732,2.0,8362713088.0
2020-07-22 23:53:17.130,1.6714444866727243,454385664.0,1.0,105.0,1.841732,2.0,8362713088.0
2020-07-22 23:53:22.130,1.6461744662460676,426561536.0,1.0,103.0,1.841732,2.0,8362713088.0
2020-07-22 23:53:27.130,1.6610403712296145,510603264.0,1.0,103.0,1.841732,2.0,8362713088.0
2020-07-22 23:53:32.130,1.6687369179636342,528121856.0,1.0,103.0,1.841732,2.0,8362713088.0
2020-07-22 23:53:37.130,1.6552660021090906,523640832.0,1.0,103.0,1.841732,2.0,8362713088.0
2020-07-22 23:53:42.130,1.6481941663606126,539967488.0,1.0,103.0,1.841732,2.0,8362713088.0
2020-07-22 23:53:47.130,1.643480285636365,540151808.0,1.0,103.0,1.841732,2.0,8362713088.0
2020-07-22 23:53:52.130,1.660721687776143,633778176.0,1.0,103.0,1.841732,2.0,8362713088.0
2020-07-22 23:53:57.130,1.6545782776777769,431333376.0,1.0,104.0,1.841732,2.0,8362713088.0
2020-07-22 23:54:02.130,1.6553118706545467,368791552.0,1.0,104.0,1.841732,2.0,8362713088.0
2020-07-22 23:54:07.130,1.6729412964451333,431337472.0,1.0,104.0,1.841732,2.0,8362713088.0
2020-07-22 23:54:12.130,1.6558428954727278,457048064.0,1.0,105.0,1.841732,2.0,8362713088.0
2020-07-22 23:54:17.130,1.656909882870598,486334464.0,1.0,105.0,1.841732,2.0,8362713088.0
2020-07-22 23:54:22.130,1.6588071269295792,443154432.0,1.0,108.0,1.841732,2.0,8362713088.0
2020-07-22 23:54:27.130,1.6398888565818175,607289344.0,1.0,108.0,1.841732,2.0,8362713088.0
2020-07-22 23:54:32.130,1.673458108727271,486526976.0,1.0,107.0,5.047769000000001,2.0,8362713088.0
2020-07-22 23:54:37.130,1.6775712752959147,500412416.0,1.0,108.0,5.047769000000001,2.0,8362713088.0
2020-07-22 23:54:42.130,1.6534490603807184,573263872.0,1.0,110.0,5.047769000000001,2.0,8362713088.0
2020-07-22 23:54:47.130,1.6621958820909088,498282496.0,1.0,138.0,5.047769000000001,2.0,8362713088.0
2020-07-22 23:54:52.130,1.6624145318727268,437800960.0,1.0,168.0,5.047769000000001,2.0,8362713088.0
2020-07-22 23:54:57.130,1.6632949722363646,558825472.0,1.0,187.0,5.047769000000001,2.0,8362713088.0
2020-07-22 23:55:02.130,1.651674223018181,515280896.0,1.0,201.0,5.047769000000001,2.0,8362713088.0
2020-07-22 23:55:07.130,1.6556194558545483,551067648.0,1.0,226.0,5.047769000000001,2.0,8362713088.0
2020-07-22 23:55:12.130,1.6642890331818172,501071872.0,1.0,252.0,5.047769000000001,2.0,8362713088.0
2020-07-22 23:55:17.130,1.6546836594727268,574013440.0,1.0,262.0,5.047769000000001,2.0,8362713088.0
2020-07-22 23:55:22.130,1.6675953874909095,646709248.0,1.0,254.0,5.047769000000001,2.0,8362713088.0
2020-07-22 23:55:27.130,1.6497943713205225,555155456.0,1.0,252.0,5.047769000000001,2.0,8362713088.0
2020-07-22 23:55:32.130,1.6463276976782237,453828608.0,1.0,239.0,5.047769000000001,2.0,8362713088.0
2020-07-22 23:55:37.130,1.6618063955708309,423407616.0,1.0,230.0,5.047769000000001,2.0,8362713088.0
2020-07-22 23:55:42.130,1.6555804202363622,502145024.0,1.0,229.0,5.047769000000001,2.0,8362713088.0
2020-07-22 23:55:47.130,1.6421737965673358,592093184.0,1.0,209.0,5.047769000000001,2.0,8362713088.0
2020-07-22 23:55:52.130,1.6542308011090894,476057600.0,1.0,181.0,5.047769000000001,2.0,8362713088.0
2020-07-22 23:55:57.130,1.650003875111359,447975424.0,1.0,162.0,5.047769000000001,2.0,8362713088.0
2020-07-22 23:56:02.130,1.643393682909088,585510912.0,1.0,151.0,5.047769000000001,2.0,8362713088.0
2020-07-22 23:56:07.130,1.6436444181560335,493309952.0,1.0,132.0,5.047769000000001,2.0,8362713088.0
2020-07-22 23:56:12.130,1.6596006060617072,497078272.0,1.0,113.0,5.047769000000001,2.0,8362713088.0
2020-07-22 23:56:17.130,1.649026698260032,465924096.0,1.0,110.0,5.047769000000001,2.0,8362713088.0
2020-07-22 23:56:22.130,1.6476615991090906,412639232.0,1.0,110.0,5.047769000000001,2.0,8362713088.0
2020-07-22 23:56:27.130,1.6522595402280036,439222272.0,1.0,110.0,5.047769000000001,2.0,8362713088.0
2020-07-22 23:56:32.130,1.6405343291272707,568283136.0,1.0,110.0,5.047769000000001,2.0,8362713088.0
2020-07-22 23:56:37.130,1.6449661855966249,467959808.0,1.0,109.0,5.047769000000001,2.0,8362713088.0
2020-07-22 23:56:42.130,1.6572663023873158,499228672.0,1.0,110.0,5.047769000000001,2.0,8362713088.0
2020-07-22 23:56:47.130,1.6393667654181807,682868736.0,1.0,111.0,5.047769000000001,2.0,8362713088.0
2020-07-22 23:56:52.130,1.6415904318805812,581705728.0,1.0,111.0,5.047769000000001,2.0,8362713088.0
2020-07-22 23:56:57.130,1.6617651930181825,472985600.0,1.0,112.0,5.047769000000001,2.0,8362713088.0
2020-07-22 23:57:02.130,1.6559539322363652,378593280.0,1.0,112.0,5.047769000000001,2.0,8362713088.0
2020-07-22 23:57:07.130,1.6416621900000015,511217664.0,1.0,112.0,5.047769000000001,2.0,8362713088.0
2020-07-22 23:57:12.130,1.651090110511099,509452288.0,1.0,109.0,5.047769000000001,2.0,8362713088.0
2020-07-22 23:57:17.130,1.6508890872861497,568651776.0,1.0,109.0,5.047769000000001,2.0,8362713088.0
2020-07-22 23:57:22.130,1.6477181238704763,515870720.0,1.0,108.0,5.047769000000001,2.0,8362713088.0
2020-07-22 23:57:27.130,1.6686438551272709,493608960.0,1.0,108.0,5.047769000000001,2.0,8362713088.0
2020-07-22 23:57:32.130,1.6545877080545457,401436672.0,1.0,108.0,5.047769000000001,2.0,8362713088.0
2020-07-22 23:57:37.130,1.65909270869091,405630976.0,1.0,107.0,5.047769000000001,2.0,8362713088.0
2020-07-22 23:57:42.130,1.6506198315272744,463110144.0,1.0,107.0,5.047769000000001,2.0,8362713088.0
2020-07-22 23:57:47.130,1.6531842322000008,529862656.0,1.0,107.0,5.047769000000001,2.0,8362713088.0
2020-07-22 23:57:52.130,1.6453297640363616,478138368.0,1.0,107.0,5.047769000000001,2.0,8362713088.0
2020-07-22 23:57:57.130,1.6477972355679174,430764032.0,1.0,108.0,5.047769000000001,2.0,8362713088.0
2020-07-22 23:58:02.130,1.6571547699776363,612691968.0,1.0,108.0,5.047769000000001,2.0,8362713088.0
2020-07-22 23:58:07.130,1.6522525400992718,493711360.0,1.0,108.0,5.047769000000001,2.0,8362713088.0
2020-07-22 23:58:12.130,1.6576236926321906,619880448.0,1.0,109.0,5.047769000000001,2.0,8362713088.0
2020-07-22 23:58:17.130,1.6515196866670292,573067264.0,1.0,109.0,5.047769000000001,2.0,8362713088.0
2020-07-22 23:58:22.130,1.6439749643097405,476717056.0,1.0,109.0,5.047769000000001,2.0,8362713088.0
2020-07-22 23:58:27.130,1.6485480933073957,484261888.0,1.0,109.0,5.047769000000001,2.0,8362713088.0
2020-07-22 23:58:32.130,1.6413291919056003,488005632.0,1.0,109.0,5.047769000000001,2.0,8362713088.0
2020-07-22 23:58:37.130,1.6607869516909088,482127872.0,1.0,109.0,5.047769000000001,2.0,8362713088.0
2020-07-22 23:58:42.130,1.6593608452545467,342892544.0,1.0,109.0,5.047769000000001,2.0,8362713088.0
2020-07-22 23:58:47.130,1.6595429189862383,449916928.0,1.0,109.0,5.047769000000001,2.0,8362713088.0
2020-07-22 23:58:52.130,1.6521644583818194,495550464.0,1.0,109.0,5.047769000000001,2.0,8362713088.0
2020-07-22 23:58:57.130,1.6659189205090912,488861696.0,1.0,110.0,5.047769000000001,2.0,8362713088.0
2020-07-22 23:59:02.130,1.6592114936817037,562618368.0,1.0,110.0,5.047769000000001,2.0,8362713088.0
2020-07-22 23:59:07.130,1.648263100727272,650776576.0,1.0,110.0,5.047769000000001,2.0,8362713088.0
2020-07-22 23:59:12.130,1.6686085213999995,720080896.0,1.0,110.0,5.047769000000001,2.0,8362713088.0
2020-07-22 23:59:17.130,1.6598457815233008,479256576.0,1.0,110.0,5.047769000000001,2.0,8362713088.0
2020-07-22 23:59:22.130,1.6666263264482344,528240640.0,1.0,110.0,5.047769000000001,2.0,8362713088.0
2020-07-22 23:59:27.130,1.6620453615934254,517910528.0,1.0,110.0,5.047769000000001,2.0,8362713088.0
2020-07-22 23:59:32.130,1.6483760817076039,622444544.0,1.0,110.0,1.582395,2.0,8362713088.0
2020-07-22 23:59:37.130,1.6582937171090901,650887168.0,1.0,110.0,1.582395,2.0,8362713088.0
2020-07-22 23:59:42.130,1.6544869097587134,550858752.0,1.0,110.0,1.582395,2.0,8362713088.0
2020-07-22 23:59:47.130,1.670820977309091,684277760.0,1.0,123.0,1.582395,2.0,8362713088.0
2020-07-22 23:59:52.130,1.6423577365999986,689950720.0,1.0,182.0,1.582395,2.0,8362713088.0
2020-07-22 23:59:57.130,1.6551464283194863,454590464.0,1.0,180.0,1.582395,2.0,8362713088.0
2020-07-23 00:00:02.130,1.656217271940509,451223552.0,1.0,184.0,4.895647,2.0,8362713088.0
2020-07-23 00:00:07.130,1.6521393674909102,553353216.0,1.0,195.0,4.895647,2.0,8362713088.0
2020-07-23 00:00:12.130,1.6583095712987044,515907584.0,1.0,235.0,4.895647,2.0,8362713088.0
2020-07-23 00:00:17.130,1.6552791115070646,606466048.0,1.0,237.0,4.895647,2.0,8362713088.0
2020-07-23 00:00:22.130,1.6574181226408244,515801088.0,1.0,232.0,4.895647,2.0,8362713088.0
2020-07-23 00:00:27.130,1.6652921629636377,624852992.0,1.0,226.0,4.895647,2.0,8362713088.0
2020-07-23 00:00:32.130,1.6517256543636354,633286656.0,1.0,227.0,4.895647,2.0,8362713088.0
2020-07-23 00:00:37.130,1.643779096781819,726917120.0,1.0,230.0,4.895647,2.0,8362713088.0
2020-07-23 00:00:42.130,1.6424885349818172,665325568.0,1.0,227.0,4.895647,2.0,8362713088.0
2020-07-23 00:00:47.130,1.6583755108181815,644575232.0,1.0,208.0,4.895647,2.0,8362713088.0
2020-07-23 00:00:52.130,1.658976246604481,462950400.0,1.0,155.0,4.895647,2.0,8362713088.0
2020-07-23 00:00:57.130,1.6641053004600104,550416384.0,1.0,154.0,4.895647,2.0,8362713088.0
2020-07-23 00:01:02.130,1.6478174978820106,563191808.0,1.0,148.0,4.895647,2.0,8362713088.0
2020-07-23 00:01:07.130,1.6499100338708805,520925184.0,1.0,146.0,4.895647,2.0,8362713088.0
2020-07-23 00:01:12.130,1.6452938452880934,495149056.0,1.0,117.0,4.895647,2.0,8362713088.0
2020-07-23 00:01:17.130,1.6553501344545452,704561152.0,1.0,113.0,4.895647,2.0,8362713088.0
2020-07-23 00:01:22.130,1.6563283335454544,498225152.0,1.0,113.0,4.895647,2.0,8362713088.0
2020-07-23 00:01:27.130,1.6443511818694183,528084992.0,1.0,113.0,4.895647,2.0,8362713088.0
2020-07-23 00:01:32.130,1.6582880838181815,700358656.0,1.0,112.0,4.895647,2.0,8362713088.0
2020-07-23 00:01:37.130,1.6467717523636358,657006592.0,1.0,112.0,4.895647,2.0,8362713088.0
2020-07-23 00:01:42.130,1.640096889563637,461684736.0,1.0,113.0,4.895647,2.0,8362713088.0
2020-07-23 00:01:47.130,1.654837755349903,488652800.0,1.0,113.0,4.895647,2.0,8362713088.0
2020-07-23 00:01:52.130,1.647368343229581,687587328.0,1.0,113.0,4.895647,2.0,8362713088.0
2020-07-23 00:01:57.130,1.6530369013564614,439320576.0,1.0,113.0,4.895647,2.0,8362713088.0
2020-07-23 00:02:02.130,1.6594704344236964,606388224.0,1.0,113.0,4.895647,2.0,8362713088.0
2020-07-23 00:02:07.130,1.653416021418183,431370240.0,1.0,114.0,4.895647,2.0,8362713088.0
2020-07-23 00:02:12.130,1.6463058236727282,575389696.0,1.0,115.0,4.895647,2.0,8362713088.0
2020-07-23 00:02:17.130,1.6485975801014545,550625280.0,1.0,114.0,4.895647,2.0,8362713088.0
2020-07-23 00:02:22.130,1.6558420666727285,578301952.0,1.0,114.0,4.895647,2.0,8362713088.0
2020-07-23 00:02:27.130,1.649562822127272,522801152.0,1.0,115.0,4.895647,2.0,8362713088.0
2020-07-23 00:02:32.130,1.654859374763637,641331200.0,1.0,115.0,4.895647,2.0,8362713088.0
2020-07-23 00:02:37.130,1.660757109062812,499740672.0,1.0,115.0,4.895647,2.0,8362713088.0
2020-07-23 00:02:42.130,1.6412790644909094,654127104.0,1.0,115.0,4.895647,2.0,8362713088.0
2020-07-23 00:02:47.130,1.646720041875011,433721344.0,1.0,114.0,4.895647,2.0,8362713088.0
2020-07-23 00:02:52.130,1.6479661829999994,360095744.0,1.0,113.0,4.895647,2.0,8362713088.0
2020-07-23 00:02:57.130,1.6379690391818167,553586688.0,1.0,114.0,4.895647,2.0,8362713088.0
2020-07-23 00:03:02.130,1.6536789149636355,553586688.0,1.0,114.0,4.895647,2.0,8362713088.0
2020-07-23 00:03:07.130,1.6528508640363626,553586688.0,1.0,114.0,4.895647,2.0,8362713088.0
2020-07-23 00:03:12.130,1.6421835156997158,553586688.0,1.0,113.0,4.895647,2.0,8362713088.0
2020-07-23 00:03:17.130,1.651079932016948,553586688.0,1.0,113.0,4.895647,2.0,8362713088.0
2020-07-23 00:03:22.130,1.6619932027090918,553586688.0,1.0,113.0,4.895647,2.0,8362713088.0
2020-07-23 00:03:27.130,1.6593018134909083,553586688.0,1.0,113.0,4.895647,2.0,8362713088.0
2020-07-23 00:03:32.130,1.6543114741521963,553586688.0,1.0,113.0,4.895647,2.0,8362713088.0
2020-07-23 00:03:37.130,1.6493422194727263,553586688.0,1.0,113.0,4.895647,2.0,8362713088.0
2020-07-23 00:03:42.130,1.670541918398516,553586688.0,1.0,113.0,4.895647,2.0,8362713088.0
2020-07-23 00:03:47.130,1.6654904484081547,553586688.0,1.0,113.0,4.895647,2.0,8362713088.0
2020-07-23 00:03:52.130,1.6563290003818245,553586688.0,1.0,113.0,4.895647,2.0,8362713088.0
2020-07-23 00:03:57.130,1.6553769034363652,553586688.0,1.0,114.0,4.895647,2.0,8362713088.0
2020-07-23 00:04:02.130,1.6633580542717403,553586688.0,1.0,114.0,4.895647,2.0,8362713088.0
2020-07-23 00:04:07.130,1.658374729667812,553586688.0,1.0,114.0,4.895647,2.0,8362713088.0
2020-07-23 00:04:12.130,1.658284586625696,553586688.0,1.0,114.0,4.895647,2.0,8362713088.0
2020-07-23 00:04:17.130,1.656076317212414,553586688.0,1.0,114.0,4.895647,2.0,8362713088.0
2020-07-23 00:04:22.130,1.6467357564000016,553586688.0,1.0,114.0,4.895647,2.0,8362713088.0
2020-07-23 00:04:27.130,1.6482467790909086,553586688.0,1.0,114.0,4.895647,2.0,8362713088.0
2020-07-23 00:04:32.130,1.6700959901998238,553586688.0,1.0,114.0,4.895647,2.0,8362713088.0
2020-07-23 00:04:37.130,1.6544041020890548,553586688.0,1.0,114.0,4.895647,2.0,8362713088.0
2020-07-23 00:04:42.130,1.656183168636363,553586688.0,1.0,114.0,4.895647,2.0,8362713088.0
2020-07-23 00:04:47.130,1.6634038293090894,553586688.0,1.0,115.0,4.895647,2.0,8362713088.0
2020-07-23 00:04:52.130,1.661919878999999,553586688.0,1.0,130.0,4.895647,2.0,8362713088.0
2020-07-23 00:04:57.130,1.6535388884343363,553586688.0,1.0,185.0,4.895647,2.0,8362713088.0
2020-07-23 00:05:02.130,1.663421972764133,553586688.0,1.0,191.0,2.9262539999999997,2.0,8362713088.0
2020-07-23 00:05:07.130,1.6619003990800687,553586688.0,1.0,184.0,2.9262539999999997,2.0,8362713088.0
2020-07-23 00:05:12.130,1.6374208994527177,553586688.0,1.0,174.0,2.9262539999999997,2.0,8362713088.0
2020-07-23 00:05:17.130,1.6679408295849154,553586688.0,1.0,199.0,2.9262539999999997,2.0,8362713088.0
2020-07-23 00:05:22.130,1.659467253436363,553586688.0,1.0,229.0,2.9262539999999997,2.0,8362713088.0
2020-07-23 00:05:27.130,1.6473080018545434,553586688.0,1.0,233.0,2.9262539999999997,2.0,8362713088.0
2020-07-23 00:05:32.130,1.6433133856070097,553586688.0,1.0,232.0,2.9262539999999997,2.0,8362713088.0
2020-07-23 00:05:37.130,1.6410734089702566,553586688.0,1.0,229.0,2.9262539999999997,2.0,8362713088.0
2020-07-23 00:05:42.130,1.6402670890646338,553586688.0,1.0,223.0,2.9262539999999997,2.0,8362713088.0
2020-07-23 00:05:47.130,1.6487110296545455,553586688.0,1.0,221.0,2.9262539999999997,2.0,8362713088.0
2020-07-23 00:05:52.130,1.6469517931454523,553586688.0,1.0,196.0,2.9262539999999997,2.0,8362713088.0
2020-07-23 00:05:57.130,1.6415004120074912,553586688.0,1.0,138.0,2.9262539999999997,2.0,8362713088.0
2020-07-23 00:06:02.130,1.637537492572052,553586688.0,1.0,132.0,2.9262539999999997,2.0,8362713088.0
2020-07-23 00:06:07.130,1.6522903169999996,553586688.0,1.0,124.0,2.9262539999999997,2.0,8362713088.0
2020-07-23 00:06:12.130,1.649453776668666,553586688.0,1.0,126.0,2.9262539999999997,2.0,8362713088.0
2020-07-23 00:06:17.130,1.6475272001090888,553586688.0,1.0,119.0,2.9262539999999997,2.0,8362713088.0
2020-07-23 00:06:22.130,1.6551354116834243,553586688.0,1.0,118.0,2.9262539999999997,2.0,8362713088.0
2020-07-23 00:06:27.130,1.6510962217272764,553586688.0,1.0,117.0,2.9262539999999997,2.0,8362713088.0
2020-07-23 00:06:32.130,1.6558912901665586,553586688.0,1.0,117.0,2.9262539999999997,2.0,8362713088.0
2020-07-23 00:06:37.130,1.653869206937928,553586688.0,1.0,117.0,2.9262539999999997,2.0,8362713088.0
2020-07-23 00:06:42.130,1.6570211328339488,553586688.0,1.0,117.0,2.9262539999999997,2.0,8362713088.0
2020-07-23 00:06:47.130,1.6604515836727278,553586688.0,1.0,117.0,2.9262539999999997,2.0,8362713088.0
2020-07-23 00:06:52.130,1.6620230812894317,553586688.0,1.0,117.0,2.9262539999999997,2.0,8362713088.0
2020-07-23 00:06:57.130,1.6584809331878905,553586688.0,1.0,118.0,2.9262539999999997,2.0,8362713088.0
2020-07-23 00:07:02.130,1.6658287828948555,553586688.0,1.0,118.0,2.9262539999999997,2.0,8362713088.0
2020-07-23 00:07:07.130,1.5403243883613793,553586688.0,1.0,118.0,2.9262539999999997,2.0,8362713088.0
2020-07-23 00:07:12.130,1.4125316387479634,553586688.0,1.0,118.0,2.9262539999999997,2.0,8362713088.0
2020-07-23 00:07:17.130,1.264066716564563,553586688.0,1.0,119.0,2.9262539999999997,2.0,8362713088.0
2020-07-23 00:07:22.130,1.1335325386295603,553586688.0,1.0,119.0,2.9262539999999997,2.0,8362713088.0
2020-07-23 00:07:27.130,0.9943364317806912,553586688.0,1.0,119.0,2.9262539999999997,2.0,8362713088.0
2020-07-23 00:07:32.130,0.864157070492621,553586688.0,1.0,119.0,2.9262539999999997,2.0,8362713088.0
2020-07-23 00:07:37.130,0.709809924652849,553586688.0,1.0,119.0,2.9262539999999997,2.0,8362713088.0
2020-07-23 00:07:42.130,0.5738570400192485,553586688.0,1.0,119.0,2.9262539999999997,2.0,8362713088.0
2020-07-23 00:07:47.130,0.43863953304376774,553586688.0,1.0,118.0,2.9262539999999997,2.0,8362713088.0
2020-07-23 00:07:52.130,0.3139789623813427,553586688.0,1.0,118.0,2.9262539999999997,2.0,8362713088.0
